title,summary,description,url
"Take-Two Interactive's 'GTA VI' Pricing Suggests Incremental Upside to Financials, B. Riley Says",Take-Two Interactive Software's (TTWO) financials are poised to get a boost from the higher-than-exp,,https://finance.yahoo.com/markets/stocks/articles/two-interactive-apos-apos-gta-164835708.html
Will Gaming Expansion Help Microsoft Anchor the Cloud Reach?,"MSFT's gaming revenues fall as Xbox hardware slumps, but cloud streaming, Game Pass and new content may deepen ties to its cloud ecosystem.",,https://finance.yahoo.com/technology/articles/gaming-expansion-help-microsoft-anchor-140000783.html
TTWO Stock Climbs After GTA 6 Preorders Go Live – Retail Fans Debate Discless Physical Edition,"Preorders for physical and digital copies of GTA 6 went live at midnight on June 25, which is priced at $79.99 for the base edition and $99.99 for the “Ultimate” edition.",,https://stocktwits.com/news-articles/markets/equity/ttwo-stock-climbs-after-gta-6-preorders-go-live-retail-fans-debate-disc-less-physical-edition/cZ1GXVYR7Qq
Take-Two Stock Nabs Fresh Buy Rating Ahead Of Big Game Preorders,"Take-Two announced pricing for its upcoming video game ""Grand Theft Auto 6"" that was in line with expectations.",,https://www.investors.com/news/technology/ttwo-stock-gta-6-publisher-nabs-new-buy-rating/?src=A00220&yptr=yahoo
Take-Two’s real GTA 6 jackpot may not be the game itself,"Take-Two Interactive (TTWO) investors are waiting years for Grand Theft Auto VI. Makes sense. Few entertainment releases have the same financial heft, cultural reach, or investor expectation. But the bigger story might not be how many copies Rockstar Games sells in the first few weeks. It may be ...",,https://www.thestreet.com/investing/take-two-gta-6-jackpot-not-game-but-online-repeat-spending
Grand Theft Auto’s New Game Won’t Come With a Disc. That’s a Big Deal.,"Grand Theft Auto VI isn’t getting a physical CD, which is a smart move for  Take-Two Interactive Software  and a signal for how the videogame industry will do releases in the years to come.  Take-Two announced on Wednesday that pre-orders for the highly anticipated GTA VI will begin on June 25.  Gamers are likely breathing a sigh of relief that Take-Two also confirmed that the official launch date of GTA VI is still Nov. 19.",,https://www.barrons.com/articles/grand-theft-auto-take-two-stock-271019d3?siteid=yhoof2&yptr=yahoo
GTA VI Price Set at $80 as Preorders Open,"Take-Two confirms Nov. 19 launch pricing, with a $100 Ultimate Edition also planned.",,https://finance.yahoo.com/media-advertising/articles/gta-vi-price-set-80-173822958.html
"GTA VI to catalyze a multi-year improvement in earnings power for TTWO, BTIG says","Investing.com -- BTIG launched coverage of Take-Two Interactive with a Buy rating and a $290 price target on Wednesday, arguing that the upcoming release of Grand Theft Auto VI will drive a sustained earnings recovery for the video game publisher.",,https://finance.yahoo.com/markets/stocks/articles/gta-vi-catalyze-multi-improvement-142751764.html
"BlackBerry, Take-Two initiations among today's top calls on Wall Street","BlackBerry, Take-Two initiations among today's top calls on Wall Street",,https://finance.yahoo.com/markets/stocks/articles/blackberry-two-initiations-among-todays-133145307.html
Take-Two Gains After Confirming GTA VI Release Date and Premium Pricing (TTWO),"Take-Two Interactive Software (NASDAQ:TTWO) shares moved higher in premarket trading after the company confirmed pricing details and a November launch date for the highly anticipated “Grand Theft Auto VI,” bringing one of the gaming industry’s biggest releases a step closer to market. The stock rose 2.",,https://investorshub.advfn.com/market-news/article/31001/take-two-gains-after-confirming-gta-vi-release-date-and-premium-pricing-ttwo
