Date,Open,High,Low,Close,Volume,Dividends,Stock Splits,thscode,thsname_cn,thsname_en,currency
2024-06-26T04:00:00.000Z,158.8300018311,159.6000061035,156.9799957275,157.5399932861,1302500,0.0,0.0,TTWO,Take-Two Interactive,"Take-Two Interactive Software, Inc.",USD
2024-06-27T04:00:00.000Z,157.8800048828,158.5500030518,156.4600067139,156.9799957275,1092300,0.0,0.0,TTWO,Take-Two Interactive,"Take-Two Interactive Software, Inc.",USD
2024-06-28T04:00:00.000Z,156.8399963379,158.1799926758,155.1999969482,155.4900054932,1625800,0.0,0.0,TTWO,Take-Two Interactive,"Take-Two Interactive Software, Inc.",USD
2024-07-01T04:00:00.000Z,154.0500030518,155.8800048828,153.3800048828,154.2899932861,1259900,0.0,0.0,TTWO,Take-Two Interactive,"Take-Two Interactive Software, Inc.",USD
2024-07-02T04:00:00.000Z,154.5599975586,155.4499969482,154.2899932861,154.6499938965,1509200,0.0,0.0,TTWO,Take-Two Interactive,"Take-Two Interactive Software, Inc.",USD
2024-07-03T04:00:00.000Z,154.2100067139,154.9499969482,152.8000030518,153.5,717300,0.0,0.0,TTWO,Take-Two Interactive,"Take-Two Interactive Software, Inc.",USD
2024-07-05T04:00:00.000Z,152.8399963379,153.0099945068,151.5099945068,151.7400054932,1130300,0.0,0.0,TTWO,Take-Two Interactive,"Take-Two Interactive Software, Inc.",USD
2024-07-08T04:00:00.000Z,151.8399963379,152.8099975586,151.0299987793,152.0,1177700,0.0,0.0,TTWO,Take-Two Interactive,"Take-Two Interactive Software, Inc.",USD
2024-07-09T04:00:00.000Z,151.9499969482,151.9499969482,149.1499938965,149.3600006104,1320300,0.0,0.0,TTWO,Take-Two Interactive,"Take-Two Interactive Software, Inc.",USD
2024-07-10T04:00:00.000Z,149.3999938965,149.9799957275,147.6199951172,148.8300018311,1799400,0.0,0.0,TTWO,Take-Two Interactive,"Take-Two Interactive Software, Inc.",USD
2024-07-11T04:00:00.000Z,150.0099945068,153.0800018311,149.8500061035,151.5200042725,2371800,0.0,0.0,TTWO,Take-Two Interactive,"Take-Two Interactive Software, Inc.",USD
2024-07-12T04:00:00.000Z,151.8899993896,155.2799987793,151.7599945068,153.3500061035,1576100,0.0,0.0,TTWO,Take-Two Interactive,"Take-Two Interactive Software, Inc.",USD
2024-07-15T04:00:00.000Z,153.5500030518,154.5700073242,152.3099975586,153.3099975586,1188000,0.0,0.0,TTWO,Take-Two Interactive,"Take-Two Interactive Software, Inc.",USD
2024-07-16T04:00:00.000Z,153.7899932861,154.5599975586,152.7299957275,154.1000061035,1176500,0.0,0.0,TTWO,Take-Two Interactive,"Take-Two Interactive Software, Inc.",USD
2024-07-17T04:00:00.000Z,154.1300048828,154.1300048828,149.8300018311,149.8699951172,1708400,0.0,0.0,TTWO,Take-Two Interactive,"Take-Two Interactive Software, Inc.",USD
2024-07-18T04:00:00.000Z,149.8699951172,151.3200073242,148.7799987793,150.3000030518,1853500,0.0,0.0,TTWO,Take-Two Interactive,"Take-Two Interactive Software, Inc.",USD
2024-07-19T04:00:00.000Z,150.4499969482,151.25,148.9199981689,150.3200073242,1643000,0.0,0.0,TTWO,Take-Two Interactive,"Take-Two Interactive Software, Inc.",USD
2024-07-22T04:00:00.000Z,150.5599975586,151.0599975586,148.8600006104,150.4499969482,1084500,0.0,0.0,TTWO,Take-Two Interactive,"Take-Two Interactive Software, Inc.",USD
2024-07-23T04:00:00.000Z,150.4499969482,152.5200042725,150.0700073242,151.7100067139,1109700,0.0,0.0,TTWO,Take-Two Interactive,"Take-Two Interactive Software, Inc.",USD
2024-07-24T04:00:00.000Z,151.7899932861,155.1199951172,151.6600036621,152.8899993896,1842500,0.0,0.0,TTWO,Take-Two Interactive,"Take-Two Interactive Software, Inc.",USD
2024-07-25T04:00:00.000Z,153.5,153.5,150.0200042725,150.3000030518,1466200,0.0,0.0,TTWO,Take-Two Interactive,"Take-Two Interactive Software, Inc.",USD
2024-07-26T04:00:00.000Z,150.6300048828,151.0599975586,149.1600036621,150.75,1358900,0.0,0.0,TTWO,Take-Two Interactive,"Take-Two Interactive Software, Inc.",USD
2024-07-29T04:00:00.000Z,151.4100036621,151.9199981689,150.2299957275,150.6999969482,1313000,0.0,0.0,TTWO,Take-Two Interactive,"Take-Two Interactive Software, Inc.",USD
2024-07-30T04:00:00.000Z,150.4299926758,152.4499969482,149.8600006104,150.0,1360700,0.0,0.0,TTWO,Take-Two Interactive,"Take-Two Interactive Software, Inc.",USD
2024-07-31T04:00:00.000Z,151.1000061035,152.25,150.3800048828,150.5299987793,1590800,0.0,0.0,TTWO,Take-Two Interactive,"Take-Two Interactive Software, Inc.",USD
2024-08-01T04:00:00.000Z,150.1600036621,150.2299957275,144.9600067139,145.9600067139,1684800,0.0,0.0,TTWO,Take-Two Interactive,"Take-Two Interactive Software, Inc.",USD
2024-08-02T04:00:00.000Z,146.0,146.5700073242,143.1600036621,143.6799926758,1809600,0.0,0.0,TTWO,Take-Two Interactive,"Take-Two Interactive Software, Inc.",USD
2024-08-05T04:00:00.000Z,141.1600036621,141.3999938965,137.5099945068,139.4900054932,1935900,0.0,0.0,TTWO,Take-Two Interactive,"Take-Two Interactive Software, Inc.",USD
2024-08-06T04:00:00.000Z,139.3500061035,141.4700012207,138.9900054932,140.1100006104,1599900,0.0,0.0,TTWO,Take-Two Interactive,"Take-Two Interactive Software, Inc.",USD
2024-08-07T04:00:00.000Z,141.0,141.4400024414,135.6100006104,135.6699981689,2707300,0.0,0.0,TTWO,Take-Two Interactive,"Take-Two Interactive Software, Inc.",USD
2024-08-08T04:00:00.000Z,136.8300018311,138.8699951172,135.2400054932,138.7799987793,2622100,0.0,0.0,TTWO,Take-Two Interactive,"Take-Two Interactive Software, Inc.",USD
2024-08-09T04:00:00.000Z,142.1399993896,145.6999969482,141.3399963379,144.8200073242,3996300,0.0,0.0,TTWO,Take-Two Interactive,"Take-Two Interactive Software, Inc.",USD
2024-08-12T04:00:00.000Z,145.8899993896,149.5,145.2599945068,147.2899932861,2585200,0.0,0.0,TTWO,Take-Two Interactive,"Take-Two Interactive Software, Inc.",USD
2024-08-13T04:00:00.000Z,147.3099975586,147.8099975586,144.6999969482,144.8800048828,1575400,0.0,0.0,TTWO,Take-Two Interactive,"Take-Two Interactive Software, Inc.",USD
2024-08-14T04:00:00.000Z,144.6300048828,145.9100036621,143.1699981689,144.9100036621,954200,0.0,0.0,TTWO,Take-Two Interactive,"Take-Two Interactive Software, Inc.",USD
2024-08-15T04:00:00.000Z,145.8999938965,148.0500030518,145.5,146.3800048828,1129900,0.0,0.0,TTWO,Take-Two Interactive,"Take-Two Interactive Software, Inc.",USD
2024-08-16T04:00:00.000Z,146.4600067139,151.1000061035,146.3899993896,149.9400024414,1901100,0.0,0.0,TTWO,Take-Two Interactive,"Take-Two Interactive Software, Inc.",USD
2024-08-19T04:00:00.000Z,150.0,150.8600006104,148.6000061035,150.5,1078300,0.0,0.0,TTWO,Take-Two Interactive,"Take-Two Interactive Software, Inc.",USD
2024-08-20T04:00:00.000Z,150.7299957275,155.6399993896,149.9799957275,154.8099975586,2750600,0.0,0.0,TTWO,Take-Two Interactive,"Take-Two Interactive Software, Inc.",USD
2024-08-21T04:00:00.000Z,156.6199951172,161.3699951172,156.4900054932,160.0700073242,1849400,0.0,0.0,TTWO,Take-Two Interactive,"Take-Two Interactive Software, Inc.",USD
2024-08-22T04:00:00.000Z,160.0,161.8200073242,158.5200042725,158.6999969482,1221900,0.0,0.0,TTWO,Take-Two Interactive,"Take-Two Interactive Software, Inc.",USD
2024-08-23T04:00:00.000Z,160.1999969482,160.8999938965,158.8000030518,159.3899993896,1076200,0.0,0.0,TTWO,Take-Two Interactive,"Take-Two Interactive Software, Inc.",USD
2024-08-26T04:00:00.000Z,159.9400024414,161.1999969482,159.7100067139,160.3800048828,805600,0.0,0.0,TTWO,Take-Two Interactive,"Take-Two Interactive Software, Inc.",USD
2024-08-27T04:00:00.000Z,160.3099975586,161.9199981689,160.1600036621,160.7799987793,783900,0.0,0.0,TTWO,Take-Two Interactive,"Take-Two Interactive Software, Inc.",USD
2024-08-28T04:00:00.000Z,160.8899993896,161.1499938965,158.1300048828,159.0,1153700,0.0,0.0,TTWO,Take-Two Interactive,"Take-Two Interactive Software, Inc.",USD
2024-08-29T04:00:00.000Z,160.4799957275,162.9799957275,160.1600036621,160.5,929600,0.0,0.0,TTWO,Take-Two Interactive,"Take-Two Interactive Software, Inc.",USD
2024-08-30T04:00:00.000Z,161.0599975586,162.1199951172,160.4299926758,161.7100067139,1206500,0.0,0.0,TTWO,Take-Two Interactive,"Take-Two Interactive Software, Inc.",USD
2024-09-03T04:00:00.000Z,160.75,161.4799957275,154.6199951172,155.8999938965,1581700,0.0,0.0,TTWO,Take-Two Interactive,"Take-Two Interactive Software, Inc.",USD
2024-09-04T04:00:00.000Z,155.6300048828,159.1300048828,155.6300048828,158.0399932861,990100,0.0,0.0,TTWO,Take-Two Interactive,"Take-Two Interactive Software, Inc.",USD
2024-09-05T04:00:00.000Z,158.6000061035,159.0599975586,156.7799987793,157.0599975586,1021700,0.0,0.0,TTWO,Take-Two Interactive,"Take-Two Interactive Software, Inc.",USD
2024-09-06T04:00:00.000Z,157.7599945068,159.4299926758,156.5200042725,156.6100006104,1246000,0.0,0.0,TTWO,Take-Two Interactive,"Take-Two Interactive Software, Inc.",USD
2024-09-09T04:00:00.000Z,155.4400024414,156.4199981689,149.8600006104,156.3200073242,2107800,0.0,0.0,TTWO,Take-Two Interactive,"Take-Two Interactive Software, Inc.",USD
2024-09-10T04:00:00.000Z,157.1000061035,157.4299926758,153.9799957275,154.8500061035,853200,0.0,0.0,TTWO,Take-Two Interactive,"Take-Two Interactive Software, Inc.",USD
2024-09-11T04:00:00.000Z,153.7700042725,153.8399963379,150.1900024414,152.3399963379,1720800,0.0,0.0,TTWO,Take-Two Interactive,"Take-Two Interactive Software, Inc.",USD
2024-09-12T04:00:00.000Z,152.7700042725,154.7599945068,152.2799987793,153.6100006104,1194200,0.0,0.0,TTWO,Take-Two Interactive,"Take-Two Interactive Software, Inc.",USD
2024-09-13T04:00:00.000Z,153.8200073242,154.8999938965,152.0700073242,152.1799926758,1223400,0.0,0.0,TTWO,Take-Two Interactive,"Take-Two Interactive Software, Inc.",USD
2024-09-16T04:00:00.000Z,152.4499969482,153.0500030518,150.9100036621,152.4499969482,1320600,0.0,0.0,TTWO,Take-Two Interactive,"Take-Two Interactive Software, Inc.",USD
2024-09-17T04:00:00.000Z,152.4799957275,155.8300018311,151.0399932861,152.7100067139,1534300,0.0,0.0,TTWO,Take-Two Interactive,"Take-Two Interactive Software, Inc.",USD
2024-09-18T04:00:00.000Z,152.9499969482,155.1600036621,151.4299926758,153.3300018311,1449600,0.0,0.0,TTWO,Take-Two Interactive,"Take-Two Interactive Software, Inc.",USD
2024-09-19T04:00:00.000Z,156.2200012207,158.1100006104,153.5200042725,153.6600036621,1971000,0.0,0.0,TTWO,Take-Two Interactive,"Take-Two Interactive Software, Inc.",USD
2024-09-20T04:00:00.000Z,152.5200042725,152.9400024414,147.2299957275,148.7799987793,5624000,0.0,0.0,TTWO,Take-Two Interactive,"Take-Two Interactive Software, Inc.",USD
2024-09-23T04:00:00.000Z,149.5800018311,150.75,148.0599975586,149.7299957275,1495700,0.0,0.0,TTWO,Take-Two Interactive,"Take-Two Interactive Software, Inc.",USD
2024-09-24T04:00:00.000Z,149.6300048828,151.1100006104,147.9400024414,150.8999938965,1190500,0.0,0.0,TTWO,Take-Two Interactive,"Take-Two Interactive Software, Inc.",USD
2024-09-25T04:00:00.000Z,150.6499938965,150.8999938965,149.6600036621,150.7700042725,841600,0.0,0.0,TTWO,Take-Two Interactive,"Take-Two Interactive Software, Inc.",USD
2024-09-26T04:00:00.000Z,152.2899932861,152.5,150.4400024414,151.6900024414,1485400,0.0,0.0,TTWO,Take-Two Interactive,"Take-Two Interactive Software, Inc.",USD
2024-09-27T04:00:00.000Z,152.4900054932,153.8099975586,152.1999969482,153.0500030518,1371000,0.0,0.0,TTWO,Take-Two Interactive,"Take-Two Interactive Software, Inc.",USD
2024-09-30T04:00:00.000Z,153.0700073242,154.8500061035,152.2599945068,153.7100067139,1343700,0.0,0.0,TTWO,Take-Two Interactive,"Take-Two Interactive Software, Inc.",USD
2024-10-01T04:00:00.000Z,153.0700073242,153.0700073242,149.5099945068,150.4799957275,1379100,0.0,0.0,TTWO,Take-Two Interactive,"Take-Two Interactive Software, Inc.",USD
2024-10-02T04:00:00.000Z,150.3200073242,151.6699981689,148.9299926758,151.3699951172,1178200,0.0,0.0,TTWO,Take-Two Interactive,"Take-Two Interactive Software, Inc.",USD
2024-10-03T04:00:00.000Z,149.9100036621,151.1900024414,146.7599945068,147.6600036621,1462100,0.0,0.0,TTWO,Take-Two Interactive,"Take-Two Interactive Software, Inc.",USD
2024-10-04T04:00:00.000Z,149.0,152.1199951172,147.7799987793,151.6900024414,1768100,0.0,0.0,TTWO,Take-Two Interactive,"Take-Two Interactive Software, Inc.",USD
2024-10-07T04:00:00.000Z,151.4299926758,152.5500030518,150.4499969482,152.2100067139,1041500,0.0,0.0,TTWO,Take-Two Interactive,"Take-Two Interactive Software, Inc.",USD
2024-10-08T04:00:00.000Z,152.2700042725,153.0800018311,151.3200073242,152.9400024414,757000,0.0,0.0,TTWO,Take-Two Interactive,"Take-Two Interactive Software, Inc.",USD
2024-10-09T04:00:00.000Z,153.0,155.3000030518,152.7599945068,153.8600006104,880000,0.0,0.0,TTWO,Take-Two Interactive,"Take-Two Interactive Software, Inc.",USD
2024-10-10T04:00:00.000Z,152.3399963379,154.0399932861,152.2700042725,153.4900054932,912100,0.0,0.0,TTWO,Take-Two Interactive,"Take-Two Interactive Software, Inc.",USD
2024-10-11T04:00:00.000Z,153.0599975586,156.4799957275,153.0599975586,155.0899963379,1311700,0.0,0.0,TTWO,Take-Two Interactive,"Take-Two Interactive Software, Inc.",USD
2024-10-14T04:00:00.000Z,155.5099945068,156.4900054932,154.6900024414,155.4299926758,725100,0.0,0.0,TTWO,Take-Two Interactive,"Take-Two Interactive Software, Inc.",USD
2024-10-15T04:00:00.000Z,155.3600006104,157.5099945068,154.9900054932,156.0500030518,1310200,0.0,0.0,TTWO,Take-Two Interactive,"Take-Two Interactive Software, Inc.",USD
2024-10-16T04:00:00.000Z,155.8899993896,155.9700012207,154.2799987793,154.9100036621,766300,0.0,0.0,TTWO,Take-Two Interactive,"Take-Two Interactive Software, Inc.",USD
2024-10-17T04:00:00.000Z,155.9700012207,156.5299987793,154.0299987793,154.7899932861,816400,0.0,0.0,TTWO,Take-Two Interactive,"Take-Two Interactive Software, Inc.",USD
2024-10-18T04:00:00.000Z,154.4100036621,155.8000030518,154.1499938965,155.2700042725,976800,0.0,0.0,TTWO,Take-Two Interactive,"Take-Two Interactive Software, Inc.",USD
2024-10-21T04:00:00.000Z,154.4700012207,156.9299926758,154.1300048828,156.8800048828,1129100,0.0,0.0,TTWO,Take-Two Interactive,"Take-Two Interactive Software, Inc.",USD
2024-10-22T04:00:00.000Z,156.9900054932,160.3099975586,156.5299987793,160.0200042725,1697000,0.0,0.0,TTWO,Take-Two Interactive,"Take-Two Interactive Software, Inc.",USD
2024-10-23T04:00:00.000Z,160.0,161.2899932861,159.2299957275,161.0099945068,1694800,0.0,0.0,TTWO,Take-Two Interactive,"Take-Two Interactive Software, Inc.",USD
2024-10-24T04:00:00.000Z,161.6199951172,163.0700073242,159.9600067139,161.2599945068,1218900,0.0,0.0,TTWO,Take-Two Interactive,"Take-Two Interactive Software, Inc.",USD
2024-10-25T04:00:00.000Z,162.3999938965,163.8500061035,161.1499938965,161.7899932861,1040800,0.0,0.0,TTWO,Take-Two Interactive,"Take-Two Interactive Software, Inc.",USD
2024-10-28T04:00:00.000Z,162.0,162.1399993896,160.0099945068,160.75,1395700,0.0,0.0,TTWO,Take-Two Interactive,"Take-Two Interactive Software, Inc.",USD
2024-10-29T04:00:00.000Z,160.3899993896,163.5399932861,158.6499938965,162.2799987793,1603500,0.0,0.0,TTWO,Take-Two Interactive,"Take-Two Interactive Software, Inc.",USD
2024-10-30T04:00:00.000Z,162.1999969482,164.6799926758,160.6199951172,162.8899993896,1659300,0.0,0.0,TTWO,Take-Two Interactive,"Take-Two Interactive Software, Inc.",USD
2024-10-31T04:00:00.000Z,162.75,164.4600067139,161.2799987793,161.7200012207,1414000,0.0,0.0,TTWO,Take-Two Interactive,"Take-Two Interactive Software, Inc.",USD
2024-11-01T04:00:00.000Z,161.1199951172,164.3999938965,160.8300018311,163.7799987793,1457800,0.0,0.0,TTWO,Take-Two Interactive,"Take-Two Interactive Software, Inc.",USD
2024-11-04T05:00:00.000Z,164.2200012207,164.6999969482,161.0200042725,162.9299926758,1829600,0.0,0.0,TTWO,Take-Two Interactive,"Take-Two Interactive Software, Inc.",USD
2024-11-05T05:00:00.000Z,163.6499938965,165.4900054932,162.8000030518,164.0299987793,1303500,0.0,0.0,TTWO,Take-Two Interactive,"Take-Two Interactive Software, Inc.",USD
2024-11-06T05:00:00.000Z,166.4900054932,169.0399932861,165.3500061035,166.6199951172,3089300,0.0,0.0,TTWO,Take-Two Interactive,"Take-Two Interactive Software, Inc.",USD
2024-11-07T05:00:00.000Z,174.0,180.5299987793,171.3999938965,179.1699981689,3777500,0.0,0.0,TTWO,Take-Two Interactive,"Take-Two Interactive Software, Inc.",USD
2024-11-08T05:00:00.000Z,179.1699981689,179.3399963379,173.1999969482,177.8999938965,2225700,0.0,0.0,TTWO,Take-Two Interactive,"Take-Two Interactive Software, Inc.",USD
2024-11-11T05:00:00.000Z,178.4400024414,180.5099945068,178.1199951172,179.3899993896,2134000,0.0,0.0,TTWO,Take-Two Interactive,"Take-Two Interactive Software, Inc.",USD
2024-11-12T05:00:00.000Z,178.6600036621,180.6699981689,177.1699981689,180.5500030518,1115100,0.0,0.0,TTWO,Take-Two Interactive,"Take-Two Interactive Software, Inc.",USD
2024-11-13T05:00:00.000Z,180.2899932861,182.6199951172,180.1000061035,181.8699951172,1074400,0.0,0.0,TTWO,Take-Two Interactive,"Take-Two Interactive Software, Inc.",USD
2024-11-14T05:00:00.000Z,181.0,182.3500061035,179.2899932861,181.4799957275,1071500,0.0,0.0,TTWO,Take-Two Interactive,"Take-Two Interactive Software, Inc.",USD
2024-11-15T05:00:00.000Z,181.0,181.0,176.6799926758,177.6199951172,1349600,0.0,0.0,TTWO,Take-Two Interactive,"Take-Two Interactive Software, Inc.",USD
2024-11-18T05:00:00.000Z,178.1399993896,183.3600006104,177.0899963379,182.9299926758,1254600,0.0,0.0,TTWO,Take-Two Interactive,"Take-Two Interactive Software, Inc.",USD
2024-11-19T05:00:00.000Z,182.1199951172,186.3000030518,181.0599975586,186.0099945068,1535800,0.0,0.0,TTWO,Take-Two Interactive,"Take-Two Interactive Software, Inc.",USD
2024-11-20T05:00:00.000Z,186.0700073242,186.75,184.1999969482,185.5,1364500,0.0,0.0,TTWO,Take-Two Interactive,"Take-Two Interactive Software, Inc.",USD
2024-11-21T05:00:00.000Z,187.3099975586,187.3099975586,184.9100036621,186.5800018311,1168900,0.0,0.0,TTWO,Take-Two Interactive,"Take-Two Interactive Software, Inc.",USD
2024-11-22T05:00:00.000Z,187.0,188.4499969482,185.8699951172,188.1499938965,1081900,0.0,0.0,TTWO,Take-Two Interactive,"Take-Two Interactive Software, Inc.",USD
2024-11-25T05:00:00.000Z,189.7599945068,190.4299926758,187.4700012207,187.6199951172,2501800,0.0,0.0,TTWO,Take-Two Interactive,"Take-Two Interactive Software, Inc.",USD
2024-11-26T05:00:00.000Z,188.1900024414,189.2799987793,187.1399993896,187.8500061035,1788200,0.0,0.0,TTWO,Take-Two Interactive,"Take-Two Interactive Software, Inc.",USD
2024-11-27T05:00:00.000Z,188.2299957275,188.5599975586,185.3500061035,185.5599975586,1235800,0.0,0.0,TTWO,Take-Two Interactive,"Take-Two Interactive Software, Inc.",USD
2024-11-29T05:00:00.000Z,186.2100067139,189.3099975586,186.2100067139,188.3800048828,679600,0.0,0.0,TTWO,Take-Two Interactive,"Take-Two Interactive Software, Inc.",USD
2024-12-02T05:00:00.000Z,188.3600006104,188.6300048828,187.0,187.9499969482,1257300,0.0,0.0,TTWO,Take-Two Interactive,"Take-Two Interactive Software, Inc.",USD
2024-12-03T05:00:00.000Z,187.3999938965,188.3800048828,186.9400024414,188.0599975586,926700,0.0,0.0,TTWO,Take-Two Interactive,"Take-Two Interactive Software, Inc.",USD
2024-12-04T05:00:00.000Z,188.5,188.8800048828,187.25,188.1999969482,1431300,0.0,0.0,TTWO,Take-Two Interactive,"Take-Two Interactive Software, Inc.",USD
2024-12-05T05:00:00.000Z,189.3500061035,191.6300048828,188.0,190.0299987793,1976700,0.0,0.0,TTWO,Take-Two Interactive,"Take-Two Interactive Software, Inc.",USD
2024-12-06T05:00:00.000Z,190.3600006104,191.9100036621,188.1699981689,189.7100067139,1500800,0.0,0.0,TTWO,Take-Two Interactive,"Take-Two Interactive Software, Inc.",USD
2024-12-09T05:00:00.000Z,188.9700012207,191.0200042725,187.6699981689,187.8999938965,1420500,0.0,0.0,TTWO,Take-Two Interactive,"Take-Two Interactive Software, Inc.",USD
2024-12-10T05:00:00.000Z,186.7100067139,188.2400054932,184.7100067139,185.3600006104,1153900,0.0,0.0,TTWO,Take-Two Interactive,"Take-Two Interactive Software, Inc.",USD
2024-12-11T05:00:00.000Z,188.8800048828,191.2599945068,186.0500030518,190.4600067139,1489200,0.0,0.0,TTWO,Take-Two Interactive,"Take-Two Interactive Software, Inc.",USD
2024-12-12T05:00:00.000Z,189.3300018311,190.5399932861,188.2700042725,189.6399993896,796900,0.0,0.0,TTWO,Take-Two Interactive,"Take-Two Interactive Software, Inc.",USD
2024-12-13T05:00:00.000Z,188.3000030518,188.6499938965,184.6999969482,185.4799957275,1327900,0.0,0.0,TTWO,Take-Two Interactive,"Take-Two Interactive Software, Inc.",USD
2024-12-16T05:00:00.000Z,185.9199981689,188.7799987793,185.3200073242,187.1799926758,1847000,0.0,0.0,TTWO,Take-Two Interactive,"Take-Two Interactive Software, Inc.",USD
2024-12-17T05:00:00.000Z,186.6399993896,187.3200073242,185.8500061035,185.9299926758,1372700,0.0,0.0,TTWO,Take-Two Interactive,"Take-Two Interactive Software, Inc.",USD
2024-12-18T05:00:00.000Z,186.5200042725,188.3999938965,181.6399993896,181.8999938965,2022500,0.0,0.0,TTWO,Take-Two Interactive,"Take-Two Interactive Software, Inc.",USD
2024-12-19T05:00:00.000Z,183.5,184.4900054932,181.1600036621,181.3800048828,1570300,0.0,0.0,TTWO,Take-Two Interactive,"Take-Two Interactive Software, Inc.",USD
2024-12-20T05:00:00.000Z,180.0,184.1999969482,179.0,181.9700012207,3579400,0.0,0.0,TTWO,Take-Two Interactive,"Take-Two Interactive Software, Inc.",USD
2024-12-23T05:00:00.000Z,181.0899963379,183.3699951172,181.0899963379,183.2200012207,1198400,0.0,0.0,TTWO,Take-Two Interactive,"Take-Two Interactive Software, Inc.",USD
2024-12-24T05:00:00.000Z,184.0,185.8200073242,183.6300048828,185.3899993896,461100,0.0,0.0,TTWO,Take-Two Interactive,"Take-Two Interactive Software, Inc.",USD
2024-12-26T05:00:00.000Z,184.75,187.5599975586,184.7100067139,187.1600036621,733500,0.0,0.0,TTWO,Take-Two Interactive,"Take-Two Interactive Software, Inc.",USD
2024-12-27T05:00:00.000Z,187.4299926758,188.3600006104,184.6999969482,186.4299926758,1010700,0.0,0.0,TTWO,Take-Two Interactive,"Take-Two Interactive Software, Inc.",USD
2024-12-30T05:00:00.000Z,184.1900024414,185.9299926758,182.0,184.5399932861,1317100,0.0,0.0,TTWO,Take-Two Interactive,"Take-Two Interactive Software, Inc.",USD
2024-12-31T05:00:00.000Z,184.7700042725,185.7700042725,183.6499938965,184.0800018311,1106900,0.0,0.0,TTWO,Take-Two Interactive,"Take-Two Interactive Software, Inc.",USD
2025-01-02T05:00:00.000Z,184.6600036621,185.1000061035,180.8699951172,183.0700073242,1437600,0.0,0.0,TTWO,Take-Two Interactive,"Take-Two Interactive Software, Inc.",USD
2025-01-03T05:00:00.000Z,184.6000061035,189.1799926758,184.1999969482,188.75,1452700,0.0,0.0,TTWO,Take-Two Interactive,"Take-Two Interactive Software, Inc.",USD
2025-01-06T05:00:00.000Z,190.6399993896,192.1399993896,188.3099975586,188.9799957275,1233400,0.0,0.0,TTWO,Take-Two Interactive,"Take-Two Interactive Software, Inc.",USD
2025-01-07T05:00:00.000Z,188.0899963379,188.7100067139,180.8800048828,181.75,2250900,0.0,0.0,TTWO,Take-Two Interactive,"Take-Two Interactive Software, Inc.",USD
2025-01-08T05:00:00.000Z,181.5899963379,183.9100036621,180.1699981689,183.7400054932,1976300,0.0,0.0,TTWO,Take-Two Interactive,"Take-Two Interactive Software, Inc.",USD
2025-01-10T05:00:00.000Z,181.8999938965,182.8800048828,177.3500061035,178.6100006104,1420400,0.0,0.0,TTWO,Take-Two Interactive,"Take-Two Interactive Software, Inc.",USD
2025-01-13T05:00:00.000Z,178.6100006104,179.9799957275,177.9299926758,178.7599945068,957500,0.0,0.0,TTWO,Take-Two Interactive,"Take-Two Interactive Software, Inc.",USD
2025-01-14T05:00:00.000Z,178.9100036621,181.5299987793,178.6499938965,180.0299987793,876200,0.0,0.0,TTWO,Take-Two Interactive,"Take-Two Interactive Software, Inc.",USD
2025-01-15T05:00:00.000Z,183.3999938965,183.8000030518,179.5800018311,181.3200073242,1332000,0.0,0.0,TTWO,Take-Two Interactive,"Take-Two Interactive Software, Inc.",USD
2025-01-16T05:00:00.000Z,182.2700042725,184.4600067139,181.2599945068,183.3699951172,1282200,0.0,0.0,TTWO,Take-Two Interactive,"Take-Two Interactive Software, Inc.",USD
2025-01-17T05:00:00.000Z,186.9499969482,186.9499969482,184.8200073242,186.4100036621,1443700,0.0,0.0,TTWO,Take-Two Interactive,"Take-Two Interactive Software, Inc.",USD
2025-01-21T05:00:00.000Z,187.5500030518,189.0399932861,184.4299926758,185.1399993896,1611200,0.0,0.0,TTWO,Take-Two Interactive,"Take-Two Interactive Software, Inc.",USD
2025-01-22T05:00:00.000Z,185.3600006104,188.1799926758,183.5399932861,187.9900054932,1548500,0.0,0.0,TTWO,Take-Two Interactive,"Take-Two Interactive Software, Inc.",USD
2025-01-23T05:00:00.000Z,183.2799987793,184.6900024414,179.6100006104,183.8200073242,2066900,0.0,0.0,TTWO,Take-Two Interactive,"Take-Two Interactive Software, Inc.",USD
2025-01-24T05:00:00.000Z,184.0,185.6300048828,182.5700073242,185.4900054932,1638800,0.0,0.0,TTWO,Take-Two Interactive,"Take-Two Interactive Software, Inc.",USD
2025-01-27T05:00:00.000Z,185.0500030518,190.5800018311,184.1799926758,187.8699951172,2335500,0.0,0.0,TTWO,Take-Two Interactive,"Take-Two Interactive Software, Inc.",USD
2025-01-28T05:00:00.000Z,186.8500061035,189.6999969482,185.7299957275,187.1399993896,1616100,0.0,0.0,TTWO,Take-Two Interactive,"Take-Two Interactive Software, Inc.",USD
2025-01-29T05:00:00.000Z,186.9199981689,191.6100006104,186.9199981689,190.0899963379,1430400,0.0,0.0,TTWO,Take-Two Interactive,"Take-Two Interactive Software, Inc.",USD
2025-01-30T05:00:00.000Z,190.9100036621,192.5,189.8800048828,191.2299957275,1213100,0.0,0.0,TTWO,Take-Two Interactive,"Take-Two Interactive Software, Inc.",USD
2025-01-31T05:00:00.000Z,190.0700073242,190.9299926758,185.3899993896,185.5099945068,1680700,0.0,0.0,TTWO,Take-Two Interactive,"Take-Two Interactive Software, Inc.",USD
2025-02-03T05:00:00.000Z,184.6199951172,187.5899963379,182.8899993896,186.0700073242,1741400,0.0,0.0,TTWO,Take-Two Interactive,"Take-Two Interactive Software, Inc.",USD
2025-02-04T05:00:00.000Z,186.1399993896,186.6100006104,182.6600036621,183.5399932861,1661200,0.0,0.0,TTWO,Take-Two Interactive,"Take-Two Interactive Software, Inc.",USD
2025-02-05T05:00:00.000Z,185.1000061035,186.1699981689,182.9199981689,184.9199981689,1697800,0.0,0.0,TTWO,Take-Two Interactive,"Take-Two Interactive Software, Inc.",USD
2025-02-06T05:00:00.000Z,184.0800018311,184.5299987793,181.8600006104,183.0800018311,2779700,0.0,0.0,TTWO,Take-Two Interactive,"Take-Two Interactive Software, Inc.",USD
2025-02-07T05:00:00.000Z,198.0,212.8800048828,195.9700012207,208.7700042725,6798600,0.0,0.0,TTWO,Take-Two Interactive,"Take-Two Interactive Software, Inc.",USD
2025-02-10T05:00:00.000Z,210.0099945068,215.8399963379,206.2799987793,212.5099945068,3454100,0.0,0.0,TTWO,Take-Two Interactive,"Take-Two Interactive Software, Inc.",USD
2025-02-11T05:00:00.000Z,212.2700042725,214.0399932861,208.3800048828,209.9400024414,1783200,0.0,0.0,TTWO,Take-Two Interactive,"Take-Two Interactive Software, Inc.",USD
2025-02-12T05:00:00.000Z,207.4299926758,210.1100006104,206.5599975586,209.1799926758,1162800,0.0,0.0,TTWO,Take-Two Interactive,"Take-Two Interactive Software, Inc.",USD
2025-02-13T05:00:00.000Z,209.1799926758,210.5800018311,207.8300018311,210.0899963379,1338200,0.0,0.0,TTWO,Take-Two Interactive,"Take-Two Interactive Software, Inc.",USD
2025-02-14T05:00:00.000Z,210.2299957275,212.5899963379,208.5500030518,208.7599945068,1454700,0.0,0.0,TTWO,Take-Two Interactive,"Take-Two Interactive Software, Inc.",USD
2025-02-18T05:00:00.000Z,208.6399993896,216.5200042725,208.4100036621,216.3800048828,2462900,0.0,0.0,TTWO,Take-Two Interactive,"Take-Two Interactive Software, Inc.",USD
2025-02-19T05:00:00.000Z,218.5899963379,218.75,212.4600067139,215.1799926758,1582300,0.0,0.0,TTWO,Take-Two Interactive,"Take-Two Interactive Software, Inc.",USD
2025-02-20T05:00:00.000Z,215.1799926758,215.3300018311,209.0399932861,215.2400054932,1648300,0.0,0.0,TTWO,Take-Two Interactive,"Take-Two Interactive Software, Inc.",USD
2025-02-21T05:00:00.000Z,216.0,216.5299987793,210.6600036621,211.6499938965,1439100,0.0,0.0,TTWO,Take-Two Interactive,"Take-Two Interactive Software, Inc.",USD
2025-02-24T05:00:00.000Z,213.2100067139,213.6999969482,207.2799987793,212.0200042725,1206500,0.0,0.0,TTWO,Take-Two Interactive,"Take-Two Interactive Software, Inc.",USD
2025-02-25T05:00:00.000Z,210.4799957275,210.6799926758,206.0700073242,207.9100036621,1922000,0.0,0.0,TTWO,Take-Two Interactive,"Take-Two Interactive Software, Inc.",USD
2025-02-26T05:00:00.000Z,208.8099975586,210.2799987793,207.4600067139,209.1100006104,1281000,0.0,0.0,TTWO,Take-Two Interactive,"Take-Two Interactive Software, Inc.",USD
2025-02-27T05:00:00.000Z,209.8500061035,211.3699951172,207.6300048828,208.2100067139,1122800,0.0,0.0,TTWO,Take-Two Interactive,"Take-Two Interactive Software, Inc.",USD
2025-02-28T05:00:00.000Z,208.7200012207,212.1000061035,206.7100067139,211.9799957275,1858300,0.0,0.0,TTWO,Take-Two Interactive,"Take-Two Interactive Software, Inc.",USD
2025-03-03T05:00:00.000Z,212.8899993896,214.5,207.7799987793,208.0500030518,1781700,0.0,0.0,TTWO,Take-Two Interactive,"Take-Two Interactive Software, Inc.",USD
2025-03-04T05:00:00.000Z,207.9799957275,209.0899963379,202.0099945068,208.5500030518,2106700,0.0,0.0,TTWO,Take-Two Interactive,"Take-Two Interactive Software, Inc.",USD
2025-03-05T05:00:00.000Z,208.1000061035,215.2700042725,208.1000061035,214.8099975586,1750100,0.0,0.0,TTWO,Take-Two Interactive,"Take-Two Interactive Software, Inc.",USD
2025-03-06T05:00:00.000Z,214.1999969482,216.4600067139,207.3300018311,207.8699951172,2273200,0.0,0.0,TTWO,Take-Two Interactive,"Take-Two Interactive Software, Inc.",USD
2025-03-07T05:00:00.000Z,206.7599945068,207.4499969482,198.7100067139,204.3300018311,1889400,0.0,0.0,TTWO,Take-Two Interactive,"Take-Two Interactive Software, Inc.",USD
2025-03-10T04:00:00.000Z,200.9799957275,202.4700012207,197.0,201.9299926758,1883600,0.0,0.0,TTWO,Take-Two Interactive,"Take-Two Interactive Software, Inc.",USD
2025-03-11T04:00:00.000Z,202.0399932861,206.0200042725,201.7700042725,203.8000030518,1543500,0.0,0.0,TTWO,Take-Two Interactive,"Take-Two Interactive Software, Inc.",USD
2025-03-12T04:00:00.000Z,204.4799957275,206.7200012207,203.4900054932,205.3300018311,1414900,0.0,0.0,TTWO,Take-Two Interactive,"Take-Two Interactive Software, Inc.",USD
2025-03-13T04:00:00.000Z,204.4799957275,206.1999969482,201.9299926758,203.6300048828,1262900,0.0,0.0,TTWO,Take-Two Interactive,"Take-Two Interactive Software, Inc.",USD
2025-03-14T04:00:00.000Z,205.6699981689,206.3200073242,201.8399963379,204.5700073242,1365500,0.0,0.0,TTWO,Take-Two Interactive,"Take-Two Interactive Software, Inc.",USD
2025-03-17T04:00:00.000Z,203.8200073242,207.7100067139,203.0599975586,206.5,1904900,0.0,0.0,TTWO,Take-Two Interactive,"Take-Two Interactive Software, Inc.",USD
2025-03-18T04:00:00.000Z,205.9600067139,206.3600006104,203.6999969482,204.3200073242,1067500,0.0,0.0,TTWO,Take-Two Interactive,"Take-Two Interactive Software, Inc.",USD
2025-03-19T04:00:00.000Z,204.0,210.7100067139,203.4799957275,208.8600006104,1381600,0.0,0.0,TTWO,Take-Two Interactive,"Take-Two Interactive Software, Inc.",USD
2025-03-20T04:00:00.000Z,206.9299926758,211.4600067139,206.8999938965,209.6300048828,1329200,0.0,0.0,TTWO,Take-Two Interactive,"Take-Two Interactive Software, Inc.",USD
2025-03-21T04:00:00.000Z,207.5099945068,215.0,204.2100067139,213.4700012207,3631800,0.0,0.0,TTWO,Take-Two Interactive,"Take-Two Interactive Software, Inc.",USD
2025-03-24T04:00:00.000Z,217.1499938965,217.1799926758,211.8899993896,213.5099945068,1452900,0.0,0.0,TTWO,Take-Two Interactive,"Take-Two Interactive Software, Inc.",USD
2025-03-25T04:00:00.000Z,213.6600036621,218.5599975586,211.5700073242,217.9499969482,1361000,0.0,0.0,TTWO,Take-Two Interactive,"Take-Two Interactive Software, Inc.",USD
2025-03-26T04:00:00.000Z,217.0,220.9299926758,211.9499969482,215.8899993896,1951700,0.0,0.0,TTWO,Take-Two Interactive,"Take-Two Interactive Software, Inc.",USD
2025-03-27T04:00:00.000Z,215.7700042725,216.6999969482,213.6300048828,214.2899932861,1128700,0.0,0.0,TTWO,Take-Two Interactive,"Take-Two Interactive Software, Inc.",USD
2025-03-28T04:00:00.000Z,214.2799987793,215.5200042725,209.3200073242,210.4700012207,1439400,0.0,0.0,TTWO,Take-Two Interactive,"Take-Two Interactive Software, Inc.",USD
2025-03-31T04:00:00.000Z,207.3999938965,207.8899993896,200.6600036621,207.25,2689900,0.0,0.0,TTWO,Take-Two Interactive,"Take-Two Interactive Software, Inc.",USD
2025-04-01T04:00:00.000Z,205.2299957275,210.5700073242,204.6999969482,210.1300048828,1654700,0.0,0.0,TTWO,Take-Two Interactive,"Take-Two Interactive Software, Inc.",USD
2025-04-02T04:00:00.000Z,207.8800048828,212.7200012207,207.0,211.1000061035,1602800,0.0,0.0,TTWO,Take-Two Interactive,"Take-Two Interactive Software, Inc.",USD
2025-04-03T04:00:00.000Z,205.4600067139,211.5,204.9400024414,208.9299926758,2324500,0.0,0.0,TTWO,Take-Two Interactive,"Take-Two Interactive Software, Inc.",USD
2025-04-04T04:00:00.000Z,205.1000061035,208.3300018311,194.1799926758,194.5800018311,3684600,0.0,0.0,TTWO,Take-Two Interactive,"Take-Two Interactive Software, Inc.",USD
2025-04-07T04:00:00.000Z,190.9199981689,201.1300048828,188.5599975586,197.5299987793,3608200,0.0,0.0,TTWO,Take-Two Interactive,"Take-Two Interactive Software, Inc.",USD
2025-04-08T04:00:00.000Z,201.6100006104,205.2100067139,193.1100006104,196.25,2230700,0.0,0.0,TTWO,Take-Two Interactive,"Take-Two Interactive Software, Inc.",USD
2025-04-09T04:00:00.000Z,194.3399963379,209.3899993896,194.1199951172,208.1300048828,2820900,0.0,0.0,TTWO,Take-Two Interactive,"Take-Two Interactive Software, Inc.",USD
2025-04-10T04:00:00.000Z,205.0099945068,206.3600006104,196.6499938965,204.4100036621,2257300,0.0,0.0,TTWO,Take-Two Interactive,"Take-Two Interactive Software, Inc.",USD
2025-04-11T04:00:00.000Z,204.8300018311,212.8500061035,202.2599945068,212.0700073242,2648600,0.0,0.0,TTWO,Take-Two Interactive,"Take-Two Interactive Software, Inc.",USD
2025-04-14T04:00:00.000Z,214.0,216.0,210.9900054932,212.9499969482,1220600,0.0,0.0,TTWO,Take-Two Interactive,"Take-Two Interactive Software, Inc.",USD
2025-04-15T04:00:00.000Z,212.75,215.3500061035,211.9499969482,214.6000061035,1267100,0.0,0.0,TTWO,Take-Two Interactive,"Take-Two Interactive Software, Inc.",USD
2025-04-16T04:00:00.000Z,213.8000030518,215.8500061035,209.1699981689,211.3999938965,1228600,0.0,0.0,TTWO,Take-Two Interactive,"Take-Two Interactive Software, Inc.",USD
2025-04-17T04:00:00.000Z,213.6699981689,214.8000030518,211.4600067139,212.7700042725,1059800,0.0,0.0,TTWO,Take-Two Interactive,"Take-Two Interactive Software, Inc.",USD
2025-04-21T04:00:00.000Z,210.8399963379,211.3399963379,202.4100036621,205.1600036621,1744400,0.0,0.0,TTWO,Take-Two Interactive,"Take-Two Interactive Software, Inc.",USD
2025-04-22T04:00:00.000Z,208.1300048828,211.75,207.0700073242,209.9700012207,1492600,0.0,0.0,TTWO,Take-Two Interactive,"Take-Two Interactive Software, Inc.",USD
2025-04-23T04:00:00.000Z,212.0700073242,215.9700012207,211.0,213.3000030518,1713600,0.0,0.0,TTWO,Take-Two Interactive,"Take-Two Interactive Software, Inc.",USD
2025-04-24T04:00:00.000Z,213.8000030518,224.5800018311,213.3000030518,222.6900024414,2966600,0.0,0.0,TTWO,Take-Two Interactive,"Take-Two Interactive Software, Inc.",USD
2025-04-25T04:00:00.000Z,222.6499938965,225.4900054932,222.2799987793,225.3800048828,1534600,0.0,0.0,TTWO,Take-Two Interactive,"Take-Two Interactive Software, Inc.",USD
2025-04-28T04:00:00.000Z,227.25,229.0,223.5899963379,225.5500030518,2071700,0.0,0.0,TTWO,Take-Two Interactive,"Take-Two Interactive Software, Inc.",USD
2025-04-29T04:00:00.000Z,225.1999969482,231.2299957275,225.1999969482,230.7100067139,1621200,0.0,0.0,TTWO,Take-Two Interactive,"Take-Two Interactive Software, Inc.",USD
2025-04-30T04:00:00.000Z,227.0,234.0899963379,225.3999938965,233.3200073242,2234200,0.0,0.0,TTWO,Take-Two Interactive,"Take-Two Interactive Software, Inc.",USD
2025-05-01T04:00:00.000Z,234.1199951172,238.0,233.4199981689,235.1699981689,2175100,0.0,0.0,TTWO,Take-Two Interactive,"Take-Two Interactive Software, Inc.",USD
2025-05-02T04:00:00.000Z,214.4499969482,224.7200012207,211.0,219.5,8968300,0.0,0.0,TTWO,Take-Two Interactive,"Take-Two Interactive Software, Inc.",USD
2025-05-05T04:00:00.000Z,218.5,225.8200073242,217.7400054932,225.3200073242,2828200,0.0,0.0,TTWO,Take-Two Interactive,"Take-Two Interactive Software, Inc.",USD
2025-05-06T04:00:00.000Z,223.5099945068,232.2100067139,222.2400054932,231.8399963379,2812000,0.0,0.0,TTWO,Take-Two Interactive,"Take-Two Interactive Software, Inc.",USD
2025-05-07T04:00:00.000Z,232.1100006104,232.9400024414,225.3399963379,226.3399963379,2786100,0.0,0.0,TTWO,Take-Two Interactive,"Take-Two Interactive Software, Inc.",USD
2025-05-08T04:00:00.000Z,227.1100006104,227.9799957275,224.3899993896,225.4499969482,1773800,0.0,0.0,TTWO,Take-Two Interactive,"Take-Two Interactive Software, Inc.",USD
2025-05-09T04:00:00.000Z,225.4499969482,227.4900054932,223.0500030518,226.5500030518,1524700,0.0,0.0,TTWO,Take-Two Interactive,"Take-Two Interactive Software, Inc.",USD
2025-05-12T04:00:00.000Z,226.0800018311,227.8899993896,219.4100036621,226.25,2080100,0.0,0.0,TTWO,Take-Two Interactive,"Take-Two Interactive Software, Inc.",USD
2025-05-13T04:00:00.000Z,225.8600006104,228.3000030518,224.3099975586,226.1600036621,2116700,0.0,0.0,TTWO,Take-Two Interactive,"Take-Two Interactive Software, Inc.",USD
2025-05-14T04:00:00.000Z,225.7100067139,229.6699981689,224.8899993896,229.5,2140200,0.0,0.0,TTWO,Take-Two Interactive,"Take-Two Interactive Software, Inc.",USD
2025-05-15T04:00:00.000Z,228.75,233.7599945068,228.3999938965,232.3399963379,3081500,0.0,0.0,TTWO,Take-Two Interactive,"Take-Two Interactive Software, Inc.",USD
2025-05-16T04:00:00.000Z,236.5800018311,240.7799987793,226.1100006104,226.7400054932,4381400,0.0,0.0,TTWO,Take-Two Interactive,"Take-Two Interactive Software, Inc.",USD
2025-05-19T04:00:00.000Z,226.7400054932,235.7200012207,225.4499969482,234.6600036621,2190000,0.0,0.0,TTWO,Take-Two Interactive,"Take-Two Interactive Software, Inc.",USD
2025-05-20T04:00:00.000Z,233.0200042725,237.6199951172,232.5399932861,237.5,1729500,0.0,0.0,TTWO,Take-Two Interactive,"Take-Two Interactive Software, Inc.",USD
2025-05-21T04:00:00.000Z,228.0299987793,231.6399993896,226.6699981689,226.7599945068,6081100,0.0,0.0,TTWO,Take-Two Interactive,"Take-Two Interactive Software, Inc.",USD
2025-05-22T04:00:00.000Z,228.0299987793,228.3999938965,223.1199951172,226.0099945068,4750900,0.0,0.0,TTWO,Take-Two Interactive,"Take-Two Interactive Software, Inc.",USD
2025-05-23T04:00:00.000Z,225.9199981689,226.1600036621,224.0,224.9900054932,1862800,0.0,0.0,TTWO,Take-Two Interactive,"Take-Two Interactive Software, Inc.",USD
2025-05-27T04:00:00.000Z,226.0,227.5,224.0,226.2700042725,2372000,0.0,0.0,TTWO,Take-Two Interactive,"Take-Two Interactive Software, Inc.",USD
2025-05-28T04:00:00.000Z,226.3399963379,229.8800048828,226.3399963379,228.3300018311,2077600,0.0,0.0,TTWO,Take-Two Interactive,"Take-Two Interactive Software, Inc.",USD
2025-05-29T04:00:00.000Z,228.6600036621,228.6600036621,223.7200012207,225.3899993896,2137500,0.0,0.0,TTWO,Take-Two Interactive,"Take-Two Interactive Software, Inc.",USD
2025-05-30T04:00:00.000Z,225.3999938965,226.9499969482,224.2599945068,226.2799987793,3647800,0.0,0.0,TTWO,Take-Two Interactive,"Take-Two Interactive Software, Inc.",USD
2025-06-02T04:00:00.000Z,226.1000061035,227.6300048828,222.1199951172,227.6000061035,2472600,0.0,0.0,TTWO,Take-Two Interactive,"Take-Two Interactive Software, Inc.",USD
2025-06-03T04:00:00.000Z,227.0,229.8500061035,224.0,229.6499938965,1832200,0.0,0.0,TTWO,Take-Two Interactive,"Take-Two Interactive Software, Inc.",USD
2025-06-04T04:00:00.000Z,229.5200042725,230.3999938965,227.1999969482,229.1799926758,1757500,0.0,0.0,TTWO,Take-Two Interactive,"Take-Two Interactive Software, Inc.",USD
2025-06-05T04:00:00.000Z,229.5500030518,232.7799987793,228.8300018311,231.0299987793,2340200,0.0,0.0,TTWO,Take-Two Interactive,"Take-Two Interactive Software, Inc.",USD
2025-06-06T04:00:00.000Z,232.9799957275,233.1999969482,230.4700012207,232.7200012207,1497000,0.0,0.0,TTWO,Take-Two Interactive,"Take-Two Interactive Software, Inc.",USD
2025-06-09T04:00:00.000Z,232.2700042725,234.3300018311,230.3899993896,233.5,1426200,0.0,0.0,TTWO,Take-Two Interactive,"Take-Two Interactive Software, Inc.",USD
2025-06-10T04:00:00.000Z,233.4700012207,235.6199951172,231.8999938965,234.9100036621,1596600,0.0,0.0,TTWO,Take-Two Interactive,"Take-Two Interactive Software, Inc.",USD
2025-06-11T04:00:00.000Z,234.3300018311,235.6699981689,232.2400054932,234.7400054932,1277500,0.0,0.0,TTWO,Take-Two Interactive,"Take-Two Interactive Software, Inc.",USD
2025-06-12T04:00:00.000Z,234.1199951172,237.3899993896,233.6100006104,234.4600067139,1441000,0.0,0.0,TTWO,Take-Two Interactive,"Take-Two Interactive Software, Inc.",USD
2025-06-13T04:00:00.000Z,232.9299926758,235.8000030518,229.5899963379,230.2299957275,2011400,0.0,0.0,TTWO,Take-Two Interactive,"Take-Two Interactive Software, Inc.",USD
2025-06-16T04:00:00.000Z,230.9499969482,240.4400024414,230.6699981689,238.6000061035,2220100,0.0,0.0,TTWO,Take-Two Interactive,"Take-Two Interactive Software, Inc.",USD
2025-06-17T04:00:00.000Z,238.6100006104,239.5599975586,236.1499938965,237.5200042725,1713100,0.0,0.0,TTWO,Take-Two Interactive,"Take-Two Interactive Software, Inc.",USD
2025-06-18T04:00:00.000Z,237.6999969482,242.0899963379,235.6699981689,238.5,2510600,0.0,0.0,TTWO,Take-Two Interactive,"Take-Two Interactive Software, Inc.",USD
2025-06-20T04:00:00.000Z,240.0899963379,242.2799987793,236.9799957275,238.3699951172,3448500,0.0,0.0,TTWO,Take-Two Interactive,"Take-Two Interactive Software, Inc.",USD
2025-06-23T04:00:00.000Z,238.3099975586,241.9600067139,235.5500030518,241.5899963379,1719000,0.0,0.0,TTWO,Take-Two Interactive,"Take-Two Interactive Software, Inc.",USD
2025-06-24T04:00:00.000Z,242.3699951172,245.0800018311,240.6199951172,243.0500030518,1943300,0.0,0.0,TTWO,Take-Two Interactive,"Take-Two Interactive Software, Inc.",USD
2025-06-25T04:00:00.000Z,243.4700012207,244.4400024414,240.8099975586,241.6399993896,1526800,0.0,0.0,TTWO,Take-Two Interactive,"Take-Two Interactive Software, Inc.",USD
2025-06-26T04:00:00.000Z,241.3800048828,242.7599945068,238.6600036621,239.3300018311,1667000,0.0,0.0,TTWO,Take-Two Interactive,"Take-Two Interactive Software, Inc.",USD
2025-06-27T04:00:00.000Z,239.5500030518,241.9100036621,238.8800048828,241.4400024414,4576800,0.0,0.0,TTWO,Take-Two Interactive,"Take-Two Interactive Software, Inc.",USD
2025-06-30T04:00:00.000Z,242.6799926758,244.5,237.3099975586,242.8500061035,3236600,0.0,0.0,TTWO,Take-Two Interactive,"Take-Two Interactive Software, Inc.",USD
2025-07-01T04:00:00.000Z,242.4299926758,243.8999938965,238.1100006104,240.1000061035,1932500,0.0,0.0,TTWO,Take-Two Interactive,"Take-Two Interactive Software, Inc.",USD
2025-07-02T04:00:00.000Z,239.9299926758,242.2799987793,238.8200073242,239.5099945068,1640400,0.0,0.0,TTWO,Take-Two Interactive,"Take-Two Interactive Software, Inc.",USD
2025-07-03T04:00:00.000Z,240.1600036621,240.9900054932,237.0099945068,240.1100006104,1008300,0.0,0.0,TTWO,Take-Two Interactive,"Take-Two Interactive Software, Inc.",USD
2025-07-07T04:00:00.000Z,240.6399993896,243.1900024414,239.8399963379,242.5299987793,1924500,0.0,0.0,TTWO,Take-Two Interactive,"Take-Two Interactive Software, Inc.",USD
2025-07-08T04:00:00.000Z,242.5299987793,243.1300048828,239.5099945068,240.5599975586,1083300,0.0,0.0,TTWO,Take-Two Interactive,"Take-Two Interactive Software, Inc.",USD
2025-07-09T04:00:00.000Z,241.3500061035,243.1799926758,240.1600036621,242.2299957275,1369400,0.0,0.0,TTWO,Take-Two Interactive,"Take-Two Interactive Software, Inc.",USD
2025-07-10T04:00:00.000Z,241.6699981689,242.5299987793,234.6000061035,235.3300018311,2471600,0.0,0.0,TTWO,Take-Two Interactive,"Take-Two Interactive Software, Inc.",USD
2025-07-11T04:00:00.000Z,235.7799987793,236.5299987793,233.1499938965,233.9199981689,1429400,0.0,0.0,TTWO,Take-Two Interactive,"Take-Two Interactive Software, Inc.",USD
2025-07-14T04:00:00.000Z,234.0,239.1600036621,233.5,238.4600067139,1340000,0.0,0.0,TTWO,Take-Two Interactive,"Take-Two Interactive Software, Inc.",USD
2025-07-15T04:00:00.000Z,237.8000030518,241.0700073242,236.1999969482,237.6999969482,2203400,0.0,0.0,TTWO,Take-Two Interactive,"Take-Two Interactive Software, Inc.",USD
2025-07-16T04:00:00.000Z,238.7899932861,239.6000061035,236.9100036621,238.7299957275,1660300,0.0,0.0,TTWO,Take-Two Interactive,"Take-Two Interactive Software, Inc.",USD
2025-07-17T04:00:00.000Z,238.7299957275,238.9600067139,230.3999938965,233.9199981689,2106100,0.0,0.0,TTWO,Take-Two Interactive,"Take-Two Interactive Software, Inc.",USD
2025-07-18T04:00:00.000Z,233.9700012207,234.9499969482,227.4499969482,231.1799926758,3170400,0.0,0.0,TTWO,Take-Two Interactive,"Take-Two Interactive Software, Inc.",USD
2025-07-21T04:00:00.000Z,232.0800018311,233.2400054932,230.0599975586,231.6300048828,1355800,0.0,0.0,TTWO,Take-Two Interactive,"Take-Two Interactive Software, Inc.",USD
2025-07-22T04:00:00.000Z,232.1300048828,232.8500061035,229.1000061035,231.0700073242,1777000,0.0,0.0,TTWO,Take-Two Interactive,"Take-Two Interactive Software, Inc.",USD
2025-07-23T04:00:00.000Z,230.4499969482,231.2899932861,227.8699951172,228.7299957275,1331200,0.0,0.0,TTWO,Take-Two Interactive,"Take-Two Interactive Software, Inc.",USD
2025-07-24T04:00:00.000Z,228.1799926758,229.4100036621,225.3300018311,225.75,1608100,0.0,0.0,TTWO,Take-Two Interactive,"Take-Two Interactive Software, Inc.",USD
2025-07-25T04:00:00.000Z,226.0,227.2100067139,223.0399932861,224.75,1895500,0.0,0.0,TTWO,Take-Two Interactive,"Take-Two Interactive Software, Inc.",USD
2025-07-28T04:00:00.000Z,228.2299957275,228.6600036621,224.4100036621,226.1000061035,1421600,0.0,0.0,TTWO,Take-Two Interactive,"Take-Two Interactive Software, Inc.",USD
2025-07-29T04:00:00.000Z,227.1499938965,227.3600006104,222.5,223.9799957275,1857400,0.0,0.0,TTWO,Take-Two Interactive,"Take-Two Interactive Software, Inc.",USD
2025-07-30T04:00:00.000Z,224.0500030518,225.9199981689,223.0500030518,223.8099975586,1512000,0.0,0.0,TTWO,Take-Two Interactive,"Take-Two Interactive Software, Inc.",USD
2025-07-31T04:00:00.000Z,224.6199951172,225.3099975586,222.3000030518,222.7299957275,1644000,0.0,0.0,TTWO,Take-Two Interactive,"Take-Two Interactive Software, Inc.",USD
2025-08-01T04:00:00.000Z,222.8200073242,222.8200073242,219.0700073242,220.5800018311,1396300,0.0,0.0,TTWO,Take-Two Interactive,"Take-Two Interactive Software, Inc.",USD
2025-08-04T04:00:00.000Z,222.8399963379,226.3899993896,221.6199951172,225.9900054932,1875300,0.0,0.0,TTWO,Take-Two Interactive,"Take-Two Interactive Software, Inc.",USD
2025-08-05T04:00:00.000Z,226.1799926758,227.9900054932,225.4100036621,225.9199981689,1398000,0.0,0.0,TTWO,Take-Two Interactive,"Take-Two Interactive Software, Inc.",USD
2025-08-06T04:00:00.000Z,226.6600036621,227.6699981689,224.0,227.2100067139,1544400,0.0,0.0,TTWO,Take-Two Interactive,"Take-Two Interactive Software, Inc.",USD
2025-08-07T04:00:00.000Z,227.75,228.5099945068,222.3800048828,226.4900054932,2267100,0.0,0.0,TTWO,Take-Two Interactive,"Take-Two Interactive Software, Inc.",USD
2025-08-08T04:00:00.000Z,237.5200042725,239.1399993896,216.3399963379,217.3699951172,5619200,0.0,0.0,TTWO,Take-Two Interactive,"Take-Two Interactive Software, Inc.",USD
2025-08-11T04:00:00.000Z,219.3600006104,226.5700073242,218.3999938965,222.6699981689,3191100,0.0,0.0,TTWO,Take-Two Interactive,"Take-Two Interactive Software, Inc.",USD
2025-08-12T04:00:00.000Z,224.4400024414,232.7799987793,224.1999969482,232.5599975586,2440000,0.0,0.0,TTWO,Take-Two Interactive,"Take-Two Interactive Software, Inc.",USD
2025-08-13T04:00:00.000Z,233.2899932861,236.2400054932,230.6999969482,236.1399993896,2105700,0.0,0.0,TTWO,Take-Two Interactive,"Take-Two Interactive Software, Inc.",USD
2025-08-14T04:00:00.000Z,235.3000030518,238.3899993896,232.1999969482,233.1600036621,1688700,0.0,0.0,TTWO,Take-Two Interactive,"Take-Two Interactive Software, Inc.",USD
2025-08-15T04:00:00.000Z,233.6499938965,233.6499938965,229.5899963379,232.1799926758,1376600,0.0,0.0,TTWO,Take-Two Interactive,"Take-Two Interactive Software, Inc.",USD
2025-08-18T04:00:00.000Z,233.4700012207,235.6000061035,231.5200042725,232.5500030518,1428600,0.0,0.0,TTWO,Take-Two Interactive,"Take-Two Interactive Software, Inc.",USD
2025-08-19T04:00:00.000Z,232.1000061035,232.4499969482,227.75,228.3600006104,1366200,0.0,0.0,TTWO,Take-Two Interactive,"Take-Two Interactive Software, Inc.",USD
2025-08-20T04:00:00.000Z,227.3800048828,229.4499969482,225.5399932861,228.6699981689,1327300,0.0,0.0,TTWO,Take-Two Interactive,"Take-Two Interactive Software, Inc.",USD
2025-08-21T04:00:00.000Z,227.4700012207,228.7899932861,226.2799987793,227.8699951172,950500,0.0,0.0,TTWO,Take-Two Interactive,"Take-Two Interactive Software, Inc.",USD
2025-08-22T04:00:00.000Z,228.6699981689,230.0700073242,226.75,229.0299987793,1089300,0.0,0.0,TTWO,Take-Two Interactive,"Take-Two Interactive Software, Inc.",USD
2025-08-25T04:00:00.000Z,228.6699981689,232.9900054932,228.5,231.8300018311,1187900,0.0,0.0,TTWO,Take-Two Interactive,"Take-Two Interactive Software, Inc.",USD
2025-08-26T04:00:00.000Z,231.3600006104,233.5500030518,230.3300018311,230.8200073242,2165300,0.0,0.0,TTWO,Take-Two Interactive,"Take-Two Interactive Software, Inc.",USD
2025-08-27T04:00:00.000Z,230.5200042725,232.3399963379,228.75,232.0299987793,1030000,0.0,0.0,TTWO,Take-Two Interactive,"Take-Two Interactive Software, Inc.",USD
2025-08-28T04:00:00.000Z,230.6399993896,235.0299987793,230.6399993896,234.8999938965,1127100,0.0,0.0,TTWO,Take-Two Interactive,"Take-Two Interactive Software, Inc.",USD
2025-08-29T04:00:00.000Z,234.2799987793,235.9900054932,232.6100006104,233.2700042725,989000,0.0,0.0,TTWO,Take-Two Interactive,"Take-Two Interactive Software, Inc.",USD
2025-09-02T04:00:00.000Z,231.1600036621,241.0800018311,229.3300018311,240.9499969482,1860300,0.0,0.0,TTWO,Take-Two Interactive,"Take-Two Interactive Software, Inc.",USD
2025-09-03T04:00:00.000Z,241.0,242.3000030518,237.0299987793,238.8600006104,1208700,0.0,0.0,TTWO,Take-Two Interactive,"Take-Two Interactive Software, Inc.",USD
2025-09-04T04:00:00.000Z,238.5299987793,240.8399963379,237.3699951172,240.6499938965,915400,0.0,0.0,TTWO,Take-Two Interactive,"Take-Two Interactive Software, Inc.",USD
2025-09-05T04:00:00.000Z,242.0,242.6900024414,236.9400024414,239.6799926758,979400,0.0,0.0,TTWO,Take-Two Interactive,"Take-Two Interactive Software, Inc.",USD
2025-09-08T04:00:00.000Z,241.7799987793,250.4499969482,241.3999938965,248.7799987793,2214500,0.0,0.0,TTWO,Take-Two Interactive,"Take-Two Interactive Software, Inc.",USD
2025-09-09T04:00:00.000Z,249.2799987793,250.0,247.2700042725,247.8600006104,997500,0.0,0.0,TTWO,Take-Two Interactive,"Take-Two Interactive Software, Inc.",USD
2025-09-10T04:00:00.000Z,248.5800018311,248.5800018311,243.4600067139,244.0399932861,1116400,0.0,0.0,TTWO,Take-Two Interactive,"Take-Two Interactive Software, Inc.",USD
2025-09-11T04:00:00.000Z,246.0700073242,248.0,244.8899993896,246.5399932861,976800,0.0,0.0,TTWO,Take-Two Interactive,"Take-Two Interactive Software, Inc.",USD
2025-09-12T04:00:00.000Z,245.9700012207,248.3000030518,244.0299987793,246.2599945068,1001700,0.0,0.0,TTWO,Take-Two Interactive,"Take-Two Interactive Software, Inc.",USD
2025-09-15T04:00:00.000Z,246.25,250.25,245.9199981689,247.25,1333400,0.0,0.0,TTWO,Take-Two Interactive,"Take-Two Interactive Software, Inc.",USD
2025-09-16T04:00:00.000Z,247.5399932861,250.9600067139,246.7200012207,247.7299957275,1764100,0.0,0.0,TTWO,Take-Two Interactive,"Take-Two Interactive Software, Inc.",USD
2025-09-17T04:00:00.000Z,248.0,251.1999969482,245.6999969482,250.5200042725,1690900,0.0,0.0,TTWO,Take-Two Interactive,"Take-Two Interactive Software, Inc.",USD
2025-09-18T04:00:00.000Z,251.0899963379,252.6100006104,249.1100006104,249.7400054932,2167000,0.0,0.0,TTWO,Take-Two Interactive,"Take-Two Interactive Software, Inc.",USD
2025-09-19T04:00:00.000Z,251.9600067139,252.3999938965,247.8099975586,250.8500061035,3620100,0.0,0.0,TTWO,Take-Two Interactive,"Take-Two Interactive Software, Inc.",USD
2025-09-22T04:00:00.000Z,249.3899993896,255.3300018311,249.3899993896,251.6399993896,1609300,0.0,0.0,TTWO,Take-Two Interactive,"Take-Two Interactive Software, Inc.",USD
2025-09-23T04:00:00.000Z,251.6399993896,254.1199951172,250.8399963379,251.2799987793,1572700,0.0,0.0,TTWO,Take-Two Interactive,"Take-Two Interactive Software, Inc.",USD
2025-09-24T04:00:00.000Z,253.0599975586,253.0599975586,239.4600067139,244.1199951172,2075900,0.0,0.0,TTWO,Take-Two Interactive,"Take-Two Interactive Software, Inc.",USD
2025-09-25T04:00:00.000Z,244.0899963379,246.1300048828,242.6199951172,245.1100006104,1188900,0.0,0.0,TTWO,Take-Two Interactive,"Take-Two Interactive Software, Inc.",USD
2025-09-26T04:00:00.000Z,246.3200073242,258.1000061035,245.4900054932,256.1199951172,3480600,0.0,0.0,TTWO,Take-Two Interactive,"Take-Two Interactive Software, Inc.",USD
2025-09-29T04:00:00.000Z,257.5700073242,261.4700012207,254.5500030518,259.9599914551,2670900,0.0,0.0,TTWO,Take-Two Interactive,"Take-Two Interactive Software, Inc.",USD
2025-09-30T04:00:00.000Z,259.700012207,261.1499938965,256.1600036621,258.3599853516,1986500,0.0,0.0,TTWO,Take-Two Interactive,"Take-Two Interactive Software, Inc.",USD
2025-10-01T04:00:00.000Z,256.6900024414,258.4200134277,253.1999969482,255.3999938965,1626100,0.0,0.0,TTWO,Take-Two Interactive,"Take-Two Interactive Software, Inc.",USD
2025-10-02T04:00:00.000Z,255.3999938965,257.3299865723,252.5500030518,256.9400024414,1366000,0.0,0.0,TTWO,Take-Two Interactive,"Take-Two Interactive Software, Inc.",USD
2025-10-03T04:00:00.000Z,256.6700134277,261.0899963379,255.5099945068,257.6799926758,1728200,0.0,0.0,TTWO,Take-Two Interactive,"Take-Two Interactive Software, Inc.",USD
2025-10-06T04:00:00.000Z,258.6499938965,259.9599914551,256.1000061035,256.9800109863,1399800,0.0,0.0,TTWO,Take-Two Interactive,"Take-Two Interactive Software, Inc.",USD
2025-10-07T04:00:00.000Z,257.5,261.0899963379,257.5,260.5,1383200,0.0,0.0,TTWO,Take-Two Interactive,"Take-Two Interactive Software, Inc.",USD
2025-10-08T04:00:00.000Z,261.1099853516,262.1900024414,255.5700073242,258.0700073242,1332900,0.0,0.0,TTWO,Take-Two Interactive,"Take-Two Interactive Software, Inc.",USD
2025-10-09T04:00:00.000Z,259.3399963379,259.3800048828,255.8600006104,256.6900024414,923300,0.0,0.0,TTWO,Take-Two Interactive,"Take-Two Interactive Software, Inc.",USD
2025-10-10T04:00:00.000Z,256.0899963379,258.1400146484,250.9499969482,251.9700012207,1350300,0.0,0.0,TTWO,Take-Two Interactive,"Take-Two Interactive Software, Inc.",USD
2025-10-13T04:00:00.000Z,253.3000030518,257.4200134277,251.5,256.6799926758,931200,0.0,0.0,TTWO,Take-Two Interactive,"Take-Two Interactive Software, Inc.",USD
2025-10-14T04:00:00.000Z,256.9899902344,260.7300109863,254.5500030518,257.7200012207,900000,0.0,0.0,TTWO,Take-Two Interactive,"Take-Two Interactive Software, Inc.",USD
2025-10-15T04:00:00.000Z,259.4200134277,264.7900085449,259.3800048828,261.5,1325300,0.0,0.0,TTWO,Take-Two Interactive,"Take-Two Interactive Software, Inc.",USD
2025-10-16T04:00:00.000Z,262.7200012207,264.3399963379,257.5400085449,259.2300109863,1327000,0.0,0.0,TTWO,Take-Two Interactive,"Take-Two Interactive Software, Inc.",USD
2025-10-17T04:00:00.000Z,259.2300109863,263.0,258.2200012207,261.3500061035,1001800,0.0,0.0,TTWO,Take-Two Interactive,"Take-Two Interactive Software, Inc.",USD
2025-10-20T04:00:00.000Z,262.2200012207,262.950012207,260.3699951172,262.2900085449,1340100,0.0,0.0,TTWO,Take-Two Interactive,"Take-Two Interactive Software, Inc.",USD
2025-10-21T04:00:00.000Z,261.2900085449,262.200012207,258.3299865723,260.2799987793,916000,0.0,0.0,TTWO,Take-Two Interactive,"Take-Two Interactive Software, Inc.",USD
2025-10-22T04:00:00.000Z,261.0,261.0599975586,254.9400024414,255.5599975586,1590400,0.0,0.0,TTWO,Take-Two Interactive,"Take-Two Interactive Software, Inc.",USD
2025-10-23T04:00:00.000Z,255.3399963379,256.9899902344,254.25,254.5299987793,1042000,0.0,0.0,TTWO,Take-Two Interactive,"Take-Two Interactive Software, Inc.",USD
2025-10-24T04:00:00.000Z,255.9499969482,258.0299987793,254.3999938965,255.1199951172,957400,0.0,0.0,TTWO,Take-Two Interactive,"Take-Two Interactive Software, Inc.",USD
2025-10-27T04:00:00.000Z,256.2900085449,257.0100097656,252.1499938965,254.2700042725,1318200,0.0,0.0,TTWO,Take-Two Interactive,"Take-Two Interactive Software, Inc.",USD
2025-10-28T04:00:00.000Z,254.6399993896,256.200012207,251.4100036621,251.5700073242,1455600,0.0,0.0,TTWO,Take-Two Interactive,"Take-Two Interactive Software, Inc.",USD
2025-10-29T04:00:00.000Z,250.1199951172,252.75,249.2400054932,251.7299957275,1520300,0.0,0.0,TTWO,Take-Two Interactive,"Take-Two Interactive Software, Inc.",USD
2025-10-30T04:00:00.000Z,251.4600067139,255.9799957275,250.0,252.7799987793,1264900,0.0,0.0,TTWO,Take-Two Interactive,"Take-Two Interactive Software, Inc.",USD
2025-10-31T04:00:00.000Z,253.1600036621,257.0899963379,253.1600036621,256.3699951172,1411100,0.0,0.0,TTWO,Take-Two Interactive,"Take-Two Interactive Software, Inc.",USD
2025-11-03T05:00:00.000Z,257.75,257.75,251.3300018311,255.6499938965,1513300,0.0,0.0,TTWO,Take-Two Interactive,"Take-Two Interactive Software, Inc.",USD
2025-11-04T05:00:00.000Z,256.0599975586,256.0599975586,250.3300018311,252.4299926758,1818500,0.0,0.0,TTWO,Take-Two Interactive,"Take-Two Interactive Software, Inc.",USD
2025-11-05T05:00:00.000Z,253.7100067139,256.2699890137,249.9900054932,254.7599945068,2309400,0.0,0.0,TTWO,Take-Two Interactive,"Take-Two Interactive Software, Inc.",USD
2025-11-06T05:00:00.000Z,253.0899963379,256.9200134277,252.0399932861,252.3999938965,3324700,0.0,0.0,TTWO,Take-Two Interactive,"Take-Two Interactive Software, Inc.",USD
2025-11-07T05:00:00.000Z,232.0299987793,243.5599975586,227.25,232.0,5792500,0.0,0.0,TTWO,Take-Two Interactive,"Take-Two Interactive Software, Inc.",USD
2025-11-10T05:00:00.000Z,231.9700012207,237.0200042725,229.1000061035,234.0599975586,3222600,0.0,0.0,TTWO,Take-Two Interactive,"Take-Two Interactive Software, Inc.",USD
2025-11-11T05:00:00.000Z,234.0599975586,241.4299926758,233.1999969482,240.6999969482,2072300,0.0,0.0,TTWO,Take-Two Interactive,"Take-Two Interactive Software, Inc.",USD
2025-11-12T05:00:00.000Z,241.0500030518,242.6000061035,238.2899932861,240.3399963379,1317400,0.0,0.0,TTWO,Take-Two Interactive,"Take-Two Interactive Software, Inc.",USD
2025-11-13T05:00:00.000Z,239.5200042725,242.0899963379,237.2700042725,237.5500030518,1358200,0.0,0.0,TTWO,Take-Two Interactive,"Take-Two Interactive Software, Inc.",USD
2025-11-14T05:00:00.000Z,235.9499969482,238.2700042725,234.0099945068,235.0299987793,1542800,0.0,0.0,TTWO,Take-Two Interactive,"Take-Two Interactive Software, Inc.",USD
2025-11-17T05:00:00.000Z,235.1100006104,236.4799957275,232.2400054932,233.5800018311,1456900,0.0,0.0,TTWO,Take-Two Interactive,"Take-Two Interactive Software, Inc.",USD
2025-11-18T05:00:00.000Z,233.3999938965,239.9199981689,231.5,239.0899963379,1867400,0.0,0.0,TTWO,Take-Two Interactive,"Take-Two Interactive Software, Inc.",USD
2025-11-19T05:00:00.000Z,238.5200042725,244.2400054932,236.6300048828,240.4600067139,2097100,0.0,0.0,TTWO,Take-Two Interactive,"Take-Two Interactive Software, Inc.",USD
2025-11-20T05:00:00.000Z,242.4100036621,243.4499969482,234.4199981689,235.3699951172,1717300,0.0,0.0,TTWO,Take-Two Interactive,"Take-Two Interactive Software, Inc.",USD
2025-11-21T05:00:00.000Z,234.8600006104,238.3699951172,234.0200042725,235.4700012207,1759800,0.0,0.0,TTWO,Take-Two Interactive,"Take-Two Interactive Software, Inc.",USD
2025-11-24T05:00:00.000Z,234.8999938965,240.3699951172,234.8899993896,239.0700073242,2272200,0.0,0.0,TTWO,Take-Two Interactive,"Take-Two Interactive Software, Inc.",USD
2025-11-25T05:00:00.000Z,239.6199951172,242.4199981689,238.8099975586,241.8399963379,1142000,0.0,0.0,TTWO,Take-Two Interactive,"Take-Two Interactive Software, Inc.",USD
2025-11-26T05:00:00.000Z,242.5,245.5399932861,241.8600006104,243.6300048828,1026800,0.0,0.0,TTWO,Take-Two Interactive,"Take-Two Interactive Software, Inc.",USD
2025-11-28T05:00:00.000Z,244.7799987793,246.4900054932,243.7400054932,246.0700073242,590100,0.0,0.0,TTWO,Take-Two Interactive,"Take-Two Interactive Software, Inc.",USD
2025-12-01T05:00:00.000Z,246.0700073242,249.8500061035,242.5,249.3399963379,1706700,0.0,0.0,TTWO,Take-Two Interactive,"Take-Two Interactive Software, Inc.",USD
2025-12-02T05:00:00.000Z,249.2400054932,250.0,246.5599975586,246.8300018311,1321300,0.0,0.0,TTWO,Take-Two Interactive,"Take-Two Interactive Software, Inc.",USD
2025-12-03T05:00:00.000Z,246.2599945068,246.5500030518,242.9799957275,244.9499969482,849300,0.0,0.0,TTWO,Take-Two Interactive,"Take-Two Interactive Software, Inc.",USD
2025-12-04T05:00:00.000Z,244.2100067139,247.8999938965,242.1900024414,247.5099945068,1013900,0.0,0.0,TTWO,Take-Two Interactive,"Take-Two Interactive Software, Inc.",USD
2025-12-05T05:00:00.000Z,247.6999969482,251.3399963379,246.8399963379,247.8800048828,1362400,0.0,0.0,TTWO,Take-Two Interactive,"Take-Two Interactive Software, Inc.",USD
2025-12-08T05:00:00.000Z,248.5200042725,248.9499969482,245.9900054932,247.2799987793,1096100,0.0,0.0,TTWO,Take-Two Interactive,"Take-Two Interactive Software, Inc.",USD
2025-12-09T05:00:00.000Z,247.0,249.5,246.2299957275,248.7299957275,1356600,0.0,0.0,TTWO,Take-Two Interactive,"Take-Two Interactive Software, Inc.",USD
2025-12-10T05:00:00.000Z,249.2899932861,250.1799926758,245.3600006104,246.0200042725,1150000,0.0,0.0,TTWO,Take-Two Interactive,"Take-Two Interactive Software, Inc.",USD
2025-12-11T05:00:00.000Z,244.0099945068,246.7400054932,242.0599975586,242.4100036621,1478400,0.0,0.0,TTWO,Take-Two Interactive,"Take-Two Interactive Software, Inc.",USD
2025-12-12T05:00:00.000Z,242.1600036621,243.3000030518,240.5,241.4700012207,1529900,0.0,0.0,TTWO,Take-Two Interactive,"Take-Two Interactive Software, Inc.",USD
2025-12-15T05:00:00.000Z,244.2799987793,246.8399963379,242.6499938965,244.5599975586,1888600,0.0,0.0,TTWO,Take-Two Interactive,"Take-Two Interactive Software, Inc.",USD
2025-12-16T05:00:00.000Z,244.5,246.9100036621,243.1900024414,244.5299987793,1526900,0.0,0.0,TTWO,Take-Two Interactive,"Take-Two Interactive Software, Inc.",USD
2025-12-17T05:00:00.000Z,244.6900024414,246.1999969482,240.2799987793,240.5500030518,1563900,0.0,0.0,TTWO,Take-Two Interactive,"Take-Two Interactive Software, Inc.",USD
2025-12-18T05:00:00.000Z,242.9799957275,246.8500061035,241.3800048828,246.6499938965,1810300,0.0,0.0,TTWO,Take-Two Interactive,"Take-Two Interactive Software, Inc.",USD
2025-12-19T05:00:00.000Z,246.1999969482,250.3800048828,244.3899993896,247.3999938965,3905400,0.0,0.0,TTWO,Take-Two Interactive,"Take-Two Interactive Software, Inc.",USD
2025-12-22T05:00:00.000Z,247.3999938965,249.7799987793,247.0599975586,248.5800018311,1084600,0.0,0.0,TTWO,Take-Two Interactive,"Take-Two Interactive Software, Inc.",USD
2025-12-23T05:00:00.000Z,248.5399932861,249.4600067139,247.6600036621,249.2299957275,648200,0.0,0.0,TTWO,Take-Two Interactive,"Take-Two Interactive Software, Inc.",USD
2025-12-24T05:00:00.000Z,249.2299957275,251.7200012207,248.7599945068,251.6000061035,485800,0.0,0.0,TTWO,Take-Two Interactive,"Take-Two Interactive Software, Inc.",USD
2025-12-26T05:00:00.000Z,250.7400054932,256.2900085449,249.8399963379,256.0899963379,920700,0.0,0.0,TTWO,Take-Two Interactive,"Take-Two Interactive Software, Inc.",USD
2025-12-29T05:00:00.000Z,255.0,256.5700073242,254.1600036621,255.6999969482,1076200,0.0,0.0,TTWO,Take-Two Interactive,"Take-Two Interactive Software, Inc.",USD
2025-12-30T05:00:00.000Z,255.4100036621,260.0400085449,254.4600067139,257.9100036621,1073400,0.0,0.0,TTWO,Take-Two Interactive,"Take-Two Interactive Software, Inc.",USD
2025-12-31T05:00:00.000Z,257.9100036621,258.3900146484,255.9100036621,256.0299987793,808000,0.0,0.0,TTWO,Take-Two Interactive,"Take-Two Interactive Software, Inc.",USD
2026-01-02T05:00:00.000Z,257.7099914551,257.7099914551,250.1999969482,251.6000061035,1317900,0.0,0.0,TTWO,Take-Two Interactive,"Take-Two Interactive Software, Inc.",USD
2026-01-05T05:00:00.000Z,252.4299926758,258.5599975586,251.3500061035,257.3099975586,1108700,0.0,0.0,TTWO,Take-Two Interactive,"Take-Two Interactive Software, Inc.",USD
2026-01-06T05:00:00.000Z,257.2900085449,257.799987793,253.5800018311,254.3500061035,922100,0.0,0.0,TTWO,Take-Two Interactive,"Take-Two Interactive Software, Inc.",USD
2026-01-07T05:00:00.000Z,253.6600036621,257.1499938965,251.2799987793,256.6700134277,1192400,0.0,0.0,TTWO,Take-Two Interactive,"Take-Two Interactive Software, Inc.",USD
2026-01-08T05:00:00.000Z,256.9400024414,257.9100036621,250.5899963379,252.3800048828,1567800,0.0,0.0,TTWO,Take-Two Interactive,"Take-Two Interactive Software, Inc.",USD
2026-01-09T05:00:00.000Z,252.7100067139,254.8000030518,249.3399963379,250.7100067139,1013600,0.0,0.0,TTWO,Take-Two Interactive,"Take-Two Interactive Software, Inc.",USD
2026-01-12T05:00:00.000Z,249.0399932861,251.2100067139,245.7400054932,248.9199981689,1177100,0.0,0.0,TTWO,Take-Two Interactive,"Take-Two Interactive Software, Inc.",USD
2026-01-13T05:00:00.000Z,248.9400024414,250.4900054932,244.7700042725,247.4900054932,1158600,0.0,0.0,TTWO,Take-Two Interactive,"Take-Two Interactive Software, Inc.",USD
2026-01-14T05:00:00.000Z,246.6799926758,246.75,241.5099945068,245.4900054932,1454700,0.0,0.0,TTWO,Take-Two Interactive,"Take-Two Interactive Software, Inc.",USD
2026-01-15T05:00:00.000Z,245.4799957275,246.0,242.5500030518,244.3399963379,1083900,0.0,0.0,TTWO,Take-Two Interactive,"Take-Two Interactive Software, Inc.",USD
2026-01-16T05:00:00.000Z,244.9700012207,245.0299987793,239.0,240.1399993896,1718300,0.0,0.0,TTWO,Take-Two Interactive,"Take-Two Interactive Software, Inc.",USD
2026-01-20T05:00:00.000Z,239.0,242.9199981689,237.0599975586,240.6100006104,1350400,0.0,0.0,TTWO,Take-Two Interactive,"Take-Two Interactive Software, Inc.",USD
2026-01-21T05:00:00.000Z,240.6100006104,241.0,236.0099945068,238.2299957275,1267600,0.0,0.0,TTWO,Take-Two Interactive,"Take-Two Interactive Software, Inc.",USD
2026-01-22T05:00:00.000Z,239.5599975586,241.5500030518,233.8500061035,241.1000061035,1625500,0.0,0.0,TTWO,Take-Two Interactive,"Take-Two Interactive Software, Inc.",USD
2026-01-23T05:00:00.000Z,241.1399993896,245.8200073242,240.9400024414,245.7299957275,1174900,0.0,0.0,TTWO,Take-Two Interactive,"Take-Two Interactive Software, Inc.",USD
2026-01-26T05:00:00.000Z,245.5700073242,247.1999969482,244.0599975586,245.6300048828,1204700,0.0,0.0,TTWO,Take-Two Interactive,"Take-Two Interactive Software, Inc.",USD
2026-01-27T05:00:00.000Z,246.0500030518,248.5399932861,242.7299957275,245.5200042725,1173800,0.0,0.0,TTWO,Take-Two Interactive,"Take-Two Interactive Software, Inc.",USD
2026-01-28T05:00:00.000Z,245.9900054932,248.5500030518,242.3300018311,243.1799926758,1554600,0.0,0.0,TTWO,Take-Two Interactive,"Take-Two Interactive Software, Inc.",USD
2026-01-29T05:00:00.000Z,241.0399932861,243.7100067139,236.1300048828,239.2700042725,1907100,0.0,0.0,TTWO,Take-Two Interactive,"Take-Two Interactive Software, Inc.",USD
2026-01-30T05:00:00.000Z,237.6699981689,238.1499938965,211.1300048828,220.3000030518,9097800,0.0,0.0,TTWO,Take-Two Interactive,"Take-Two Interactive Software, Inc.",USD
2026-02-02T05:00:00.000Z,225.5099945068,229.0800018311,220.3500061035,221.8099975586,4345800,0.0,0.0,TTWO,Take-Two Interactive,"Take-Two Interactive Software, Inc.",USD
2026-02-03T05:00:00.000Z,220.9799957275,221.1600036621,206.6100006104,212.1699981689,5266500,0.0,0.0,TTWO,Take-Two Interactive,"Take-Two Interactive Software, Inc.",USD
2026-02-04T05:00:00.000Z,207.7100067139,209.0500030518,197.4499969482,200.7599945068,5743300,0.0,0.0,TTWO,Take-Two Interactive,"Take-Two Interactive Software, Inc.",USD
2026-02-05T05:00:00.000Z,201.7799987793,203.7799987793,192.1999969482,193.2400054932,3995400,0.0,0.0,TTWO,Take-Two Interactive,"Take-Two Interactive Software, Inc.",USD
2026-02-06T05:00:00.000Z,197.4199981689,198.0700073242,189.4499969482,195.5899963379,3100300,0.0,0.0,TTWO,Take-Two Interactive,"Take-Two Interactive Software, Inc.",USD
2026-02-09T05:00:00.000Z,197.5,205.6600036621,196.3300018311,205.0299987793,4129000,0.0,0.0,TTWO,Take-Two Interactive,"Take-Two Interactive Software, Inc.",USD
2026-02-10T05:00:00.000Z,212.4900054932,213.5299987793,208.7299957275,210.7100067139,4145200,0.0,0.0,TTWO,Take-Two Interactive,"Take-Two Interactive Software, Inc.",USD
2026-02-11T05:00:00.000Z,208.0,210.2400054932,199.3600006104,203.8899993896,4207300,0.0,0.0,TTWO,Take-Two Interactive,"Take-Two Interactive Software, Inc.",USD
2026-02-12T05:00:00.000Z,203.3999938965,204.1999969482,189.2899932861,190.3600006104,5020800,0.0,0.0,TTWO,Take-Two Interactive,"Take-Two Interactive Software, Inc.",USD
2026-02-13T05:00:00.000Z,191.8999938965,194.6799926758,188.6499938965,193.6699981689,2575400,0.0,0.0,TTWO,Take-Two Interactive,"Take-Two Interactive Software, Inc.",USD
2026-02-17T05:00:00.000Z,193.6499938965,196.8300018311,191.8800048828,193.8699951172,2160800,0.0,0.0,TTWO,Take-Two Interactive,"Take-Two Interactive Software, Inc.",USD
2026-02-18T05:00:00.000Z,194.7299957275,200.0899963379,193.8899993896,199.1300048828,1931000,0.0,0.0,TTWO,Take-Two Interactive,"Take-Two Interactive Software, Inc.",USD
2026-02-19T05:00:00.000Z,199.0299987793,204.6000061035,198.75,201.3699951172,2139600,0.0,0.0,TTWO,Take-Two Interactive,"Take-Two Interactive Software, Inc.",USD
2026-02-20T05:00:00.000Z,199.1199951172,202.9400024414,197.1999969482,199.7200012207,1872600,0.0,0.0,TTWO,Take-Two Interactive,"Take-Two Interactive Software, Inc.",USD
2026-02-23T05:00:00.000Z,199.1699981689,199.3300018311,194.1399993896,195.5899963379,1962800,0.0,0.0,TTWO,Take-Two Interactive,"Take-Two Interactive Software, Inc.",USD
2026-02-24T05:00:00.000Z,194.7700042725,204.5099945068,192.6300048828,204.1900024414,1982500,0.0,0.0,TTWO,Take-Two Interactive,"Take-Two Interactive Software, Inc.",USD
2026-02-25T05:00:00.000Z,204.8500061035,207.9799957275,202.8399963379,207.3099975586,2416600,0.0,0.0,TTWO,Take-Two Interactive,"Take-Two Interactive Software, Inc.",USD
2026-02-26T05:00:00.000Z,207.7599945068,214.1499938965,207.75,213.2899932861,2231300,0.0,0.0,TTWO,Take-Two Interactive,"Take-Two Interactive Software, Inc.",USD
2026-02-27T05:00:00.000Z,210.3099975586,213.6799926758,209.3699951172,211.4799957275,2234800,0.0,0.0,TTWO,Take-Two Interactive,"Take-Two Interactive Software, Inc.",USD
2026-03-02T05:00:00.000Z,209.0,215.9600067139,208.7799987793,213.8800048828,1966800,0.0,0.0,TTWO,Take-Two Interactive,"Take-Two Interactive Software, Inc.",USD
2026-03-03T05:00:00.000Z,209.7799987793,221.0800018311,208.5099945068,217.0500030518,2367200,0.0,0.0,TTWO,Take-Two Interactive,"Take-Two Interactive Software, Inc.",USD
2026-03-04T05:00:00.000Z,217.9199981689,219.4499969482,211.3200073242,215.7700042725,2471000,0.0,0.0,TTWO,Take-Two Interactive,"Take-Two Interactive Software, Inc.",USD
2026-03-05T05:00:00.000Z,213.0899963379,216.1699981689,210.8200073242,212.5299987793,2112200,0.0,0.0,TTWO,Take-Two Interactive,"Take-Two Interactive Software, Inc.",USD
2026-03-06T05:00:00.000Z,210.8200073242,212.4600067139,208.6900024414,211.5,1587400,0.0,0.0,TTWO,Take-Two Interactive,"Take-Two Interactive Software, Inc.",USD
2026-03-09T04:00:00.000Z,208.6900024414,214.8399963379,208.0099945068,214.6300048828,1876300,0.0,0.0,TTWO,Take-Two Interactive,"Take-Two Interactive Software, Inc.",USD
2026-03-10T04:00:00.000Z,214.7700042725,216.0,207.8000030518,209.0800018311,1877800,0.0,0.0,TTWO,Take-Two Interactive,"Take-Two Interactive Software, Inc.",USD
2026-03-11T04:00:00.000Z,209.1300048828,211.6399993896,207.5,211.0899963379,1868800,0.0,0.0,TTWO,Take-Two Interactive,"Take-Two Interactive Software, Inc.",USD
2026-03-12T04:00:00.000Z,210.6799926758,212.8099975586,208.1699981689,209.1999969482,1351900,0.0,0.0,TTWO,Take-Two Interactive,"Take-Two Interactive Software, Inc.",USD
2026-03-13T04:00:00.000Z,209.3300018311,210.3500061035,203.8999938965,208.5800018311,1633800,0.0,0.0,TTWO,Take-Two Interactive,"Take-Two Interactive Software, Inc.",USD
2026-03-16T04:00:00.000Z,209.4600067139,212.0200042725,207.4499969482,207.6900024414,2129900,0.0,0.0,TTWO,Take-Two Interactive,"Take-Two Interactive Software, Inc.",USD
2026-03-17T04:00:00.000Z,209.0599975586,213.0,206.4400024414,206.7200012207,1587400,0.0,0.0,TTWO,Take-Two Interactive,"Take-Two Interactive Software, Inc.",USD
2026-03-18T04:00:00.000Z,204.8000030518,208.8999938965,203.6199951172,204.2200012207,1497500,0.0,0.0,TTWO,Take-Two Interactive,"Take-Two Interactive Software, Inc.",USD
2026-03-19T04:00:00.000Z,203.3999938965,206.3800048828,199.5500030518,201.75,1626000,0.0,0.0,TTWO,Take-Two Interactive,"Take-Two Interactive Software, Inc.",USD
2026-03-20T04:00:00.000Z,200.7100067139,202.3899993896,198.0200042725,200.6300048828,3698600,0.0,0.0,TTWO,Take-Two Interactive,"Take-Two Interactive Software, Inc.",USD
2026-03-23T04:00:00.000Z,201.3399963379,203.4400024414,199.1900024414,200.8399963379,1875900,0.0,0.0,TTWO,Take-Two Interactive,"Take-Two Interactive Software, Inc.",USD
2026-03-24T04:00:00.000Z,199.5700073242,199.9199981689,191.0,191.3699951172,2465200,0.0,0.0,TTWO,Take-Two Interactive,"Take-Two Interactive Software, Inc.",USD
2026-03-25T04:00:00.000Z,194.0599975586,195.8899993896,188.2299957275,193.0500030518,1931200,0.0,0.0,TTWO,Take-Two Interactive,"Take-Two Interactive Software, Inc.",USD
2026-03-26T04:00:00.000Z,190.5,197.1699981689,190.3500061035,194.7200012207,1677400,0.0,0.0,TTWO,Take-Two Interactive,"Take-Two Interactive Software, Inc.",USD
2026-03-27T04:00:00.000Z,193.0,194.0,187.6300048828,189.6900024414,1867400,0.0,0.0,TTWO,Take-Two Interactive,"Take-Two Interactive Software, Inc.",USD
2026-03-30T04:00:00.000Z,192.7899932861,195.6199951172,191.2299957275,193.0800018311,2086700,0.0,0.0,TTWO,Take-Two Interactive,"Take-Two Interactive Software, Inc.",USD
2026-03-31T04:00:00.000Z,194.2400054932,198.5099945068,193.3800048828,197.5,2085100,0.0,0.0,TTWO,Take-Two Interactive,"Take-Two Interactive Software, Inc.",USD
2026-04-01T04:00:00.000Z,198.0,199.4799957275,196.5500030518,198.1999969482,1348600,0.0,0.0,TTWO,Take-Two Interactive,"Take-Two Interactive Software, Inc.",USD
2026-04-02T04:00:00.000Z,195.1100006104,202.1300048828,193.8999938965,199.8699951172,1473500,0.0,0.0,TTWO,Take-Two Interactive,"Take-Two Interactive Software, Inc.",USD
2026-04-06T04:00:00.000Z,199.8000030518,199.9199981689,193.7899932861,196.6900024414,1405700,0.0,0.0,TTWO,Take-Two Interactive,"Take-Two Interactive Software, Inc.",USD
2026-04-07T04:00:00.000Z,195.8399963379,198.6300048828,193.9400024414,198.3300018311,1247500,0.0,0.0,TTWO,Take-Two Interactive,"Take-Two Interactive Software, Inc.",USD
2026-04-08T04:00:00.000Z,202.8200073242,205.1100006104,201.1300048828,202.1300048828,1646600,0.0,0.0,TTWO,Take-Two Interactive,"Take-Two Interactive Software, Inc.",USD
2026-04-09T04:00:00.000Z,201.0099945068,201.2100067139,197.5899963379,198.0500030518,1493800,0.0,0.0,TTWO,Take-Two Interactive,"Take-Two Interactive Software, Inc.",USD
2026-04-10T04:00:00.000Z,197.3999938965,199.2100067139,194.5099945068,197.0700073242,1532900,0.0,0.0,TTWO,Take-Two Interactive,"Take-Two Interactive Software, Inc.",USD
2026-04-13T04:00:00.000Z,197.4799957275,202.1900024414,196.0099945068,201.3600006104,2078800,0.0,0.0,TTWO,Take-Two Interactive,"Take-Two Interactive Software, Inc.",USD
2026-04-14T04:00:00.000Z,202.5200042725,207.8399963379,202.2599945068,205.1000061035,1731000,0.0,0.0,TTWO,Take-Two Interactive,"Take-Two Interactive Software, Inc.",USD
2026-04-15T04:00:00.000Z,207.6600036621,215.3699951172,206.5800018311,214.1499938965,1951700,0.0,0.0,TTWO,Take-Two Interactive,"Take-Two Interactive Software, Inc.",USD
2026-04-16T04:00:00.000Z,216.7299957275,217.0500030518,212.75,213.9299926758,1384000,0.0,0.0,TTWO,Take-Two Interactive,"Take-Two Interactive Software, Inc.",USD
2026-04-17T04:00:00.000Z,217.9199981689,218.6999969482,211.7200012207,212.0399932861,1792400,0.0,0.0,TTWO,Take-Two Interactive,"Take-Two Interactive Software, Inc.",USD
2026-04-20T04:00:00.000Z,212.1399993896,216.9499969482,210.7799987793,216.8500061035,1384300,0.0,0.0,TTWO,Take-Two Interactive,"Take-Two Interactive Software, Inc.",USD
2026-04-21T04:00:00.000Z,218.0,219.8699951172,215.7299957275,217.6499938965,1165800,0.0,0.0,TTWO,Take-Two Interactive,"Take-Two Interactive Software, Inc.",USD
2026-04-22T04:00:00.000Z,219.0899963379,221.2200012207,216.6799926758,218.1900024414,1246500,0.0,0.0,TTWO,Take-Two Interactive,"Take-Two Interactive Software, Inc.",USD
2026-04-23T04:00:00.000Z,215.0099945068,215.0099945068,206.4499969482,209.8999938965,1587900,0.0,0.0,TTWO,Take-Two Interactive,"Take-Two Interactive Software, Inc.",USD
2026-04-24T04:00:00.000Z,210.9900054932,211.0,207.8000030518,210.75,1101500,0.0,0.0,TTWO,Take-Two Interactive,"Take-Two Interactive Software, Inc.",USD
2026-04-27T04:00:00.000Z,209.2299957275,216.3500061035,208.75,213.7700042725,1532900,0.0,0.0,TTWO,Take-Two Interactive,"Take-Two Interactive Software, Inc.",USD
2026-04-28T04:00:00.000Z,213.0500030518,215.7899932861,211.2599945068,213.0099945068,929000,0.0,0.0,TTWO,Take-Two Interactive,"Take-Two Interactive Software, Inc.",USD
2026-04-29T04:00:00.000Z,212.5899963379,215.9199981689,209.5099945068,215.3399963379,1028000,0.0,0.0,TTWO,Take-Two Interactive,"Take-Two Interactive Software, Inc.",USD
2026-04-30T04:00:00.000Z,213.4799957275,215.5,211.3300018311,213.7599945068,1430800,0.0,0.0,TTWO,Take-Two Interactive,"Take-Two Interactive Software, Inc.",USD
2026-05-01T04:00:00.000Z,215.4600067139,217.3600006104,211.5800018311,216.0299987793,1042200,0.0,0.0,TTWO,Take-Two Interactive,"Take-Two Interactive Software, Inc.",USD
2026-05-04T04:00:00.000Z,219.3500061035,227.0200042725,218.2100067139,225.1799926758,2046300,0.0,0.0,TTWO,Take-Two Interactive,"Take-Two Interactive Software, Inc.",USD
2026-05-05T04:00:00.000Z,226.0,226.4400024414,221.9400024414,223.1100006104,1310300,0.0,0.0,TTWO,Take-Two Interactive,"Take-Two Interactive Software, Inc.",USD
2026-05-06T04:00:00.000Z,221.0,225.1399993896,218.6999969482,222.0,1850700,0.0,0.0,TTWO,Take-Two Interactive,"Take-Two Interactive Software, Inc.",USD
2026-05-07T04:00:00.000Z,225.0599975586,227.0200042725,222.1600036621,223.5,1901200,0.0,0.0,TTWO,Take-Two Interactive,"Take-Two Interactive Software, Inc.",USD
2026-05-08T04:00:00.000Z,222.6399993896,222.9799957275,219.7100067139,220.4499969482,1756100,0.0,0.0,TTWO,Take-Two Interactive,"Take-Two Interactive Software, Inc.",USD
2026-05-11T04:00:00.000Z,221.4100036621,224.9299926758,219.0399932861,221.4700012207,2061000,0.0,0.0,TTWO,Take-Two Interactive,"Take-Two Interactive Software, Inc.",USD
2026-05-12T04:00:00.000Z,224.3600006104,228.7899932861,221.6999969482,225.9900054932,1785600,0.0,0.0,TTWO,Take-Two Interactive,"Take-Two Interactive Software, Inc.",USD
2026-05-13T04:00:00.000Z,224.9299926758,228.9499969482,221.7299957275,226.9900054932,1660500,0.0,0.0,TTWO,Take-Two Interactive,"Take-Two Interactive Software, Inc.",USD
2026-05-14T04:00:00.000Z,239.5,246.25,236.5,242.4100036621,3667000,0.0,0.0,TTWO,Take-Two Interactive,"Take-Two Interactive Software, Inc.",USD
2026-05-15T04:00:00.000Z,243.7700042725,246.2400054932,240.2899932861,242.4400024414,1959500,0.0,0.0,TTWO,Take-Two Interactive,"Take-Two Interactive Software, Inc.",USD
2026-05-18T04:00:00.000Z,233.3500061035,244.1300048828,231.9600067139,242.1600036621,2339700,0.0,0.0,TTWO,Take-Two Interactive,"Take-Two Interactive Software, Inc.",USD
2026-05-19T04:00:00.000Z,240.3999938965,242.1600036621,235.8999938965,238.1399993896,1784800,0.0,0.0,TTWO,Take-Two Interactive,"Take-Two Interactive Software, Inc.",USD
2026-05-20T04:00:00.000Z,236.1000061035,237.3200073242,233.1300048828,236.6199951172,1859200,0.0,0.0,TTWO,Take-Two Interactive,"Take-Two Interactive Software, Inc.",USD
2026-05-21T04:00:00.000Z,236.3000030518,241.9100036621,236.1000061035,238.0800018311,4202700,0.0,0.0,TTWO,Take-Two Interactive,"Take-Two Interactive Software, Inc.",USD
2026-05-22T04:00:00.000Z,243.75,247.0,220.5599975586,227.5500030518,7045300,0.0,0.0,TTWO,Take-Two Interactive,"Take-Two Interactive Software, Inc.",USD
2026-05-26T04:00:00.000Z,225.1300048828,230.6399993896,220.4900054932,220.6699981689,3239500,0.0,0.0,TTWO,Take-Two Interactive,"Take-Two Interactive Software, Inc.",USD
2026-05-27T04:00:00.000Z,217.9700012207,224.1100006104,216.3999938965,218.4600067139,2976800,0.0,0.0,TTWO,Take-Two Interactive,"Take-Two Interactive Software, Inc.",USD
2026-05-28T04:00:00.000Z,219.6699981689,221.4799957275,216.3099975586,217.8699951172,2730600,0.0,0.0,TTWO,Take-Two Interactive,"Take-Two Interactive Software, Inc.",USD
2026-05-29T04:00:00.000Z,218.2599945068,227.7799987793,217.8500061035,224.1600036621,6487100,0.0,0.0,TTWO,Take-Two Interactive,"Take-Two Interactive Software, Inc.",USD
2026-06-01T04:00:00.000Z,227.9900054932,231.0200042725,223.8800048828,226.9799957275,2625800,0.0,0.0,TTWO,Take-Two Interactive,"Take-Two Interactive Software, Inc.",USD
2026-06-02T04:00:00.000Z,222.2599945068,224.0,217.3600006104,222.3800048828,2682900,0.0,0.0,TTWO,Take-Two Interactive,"Take-Two Interactive Software, Inc.",USD
2026-06-03T04:00:00.000Z,220.0,220.7899932861,214.2899932861,215.8000030518,2188500,0.0,0.0,TTWO,Take-Two Interactive,"Take-Two Interactive Software, Inc.",USD
2026-06-04T04:00:00.000Z,217.0099945068,220.75,216.3500061035,216.6499938965,1942200,0.0,0.0,TTWO,Take-Two Interactive,"Take-Two Interactive Software, Inc.",USD
2026-06-05T04:00:00.000Z,217.3300018311,220.2899932861,212.7799987793,214.3899993896,1989800,0.0,0.0,TTWO,Take-Two Interactive,"Take-Two Interactive Software, Inc.",USD
2026-06-08T04:00:00.000Z,214.0,214.3600006104,208.5,212.5500030518,2481100,0.0,0.0,TTWO,Take-Two Interactive,"Take-Two Interactive Software, Inc.",USD
2026-06-09T04:00:00.000Z,210.6900024414,213.3200073242,207.9100036621,212.0500030518,1770000,0.0,0.0,TTWO,Take-Two Interactive,"Take-Two Interactive Software, Inc.",USD
2026-06-10T04:00:00.000Z,209.9600067139,214.1699981689,208.8200073242,210.4600067139,1999800,0.0,0.0,TTWO,Take-Two Interactive,"Take-Two Interactive Software, Inc.",USD
2026-06-11T04:00:00.000Z,207.2400054932,213.7700042725,206.0,212.0800018311,1865400,0.0,0.0,TTWO,Take-Two Interactive,"Take-Two Interactive Software, Inc.",USD
2026-06-12T04:00:00.000Z,211.2599945068,213.2599945068,209.0,211.75,1495200,0.0,0.0,TTWO,Take-Two Interactive,"Take-Two Interactive Software, Inc.",USD
2026-06-15T04:00:00.000Z,213.0099945068,217.3699951172,211.75,216.2299957275,1632500,0.0,0.0,TTWO,Take-Two Interactive,"Take-Two Interactive Software, Inc.",USD
2026-06-16T04:00:00.000Z,217.0,230.5,214.0299987793,229.9700012207,3489400,0.0,0.0,TTWO,Take-Two Interactive,"Take-Two Interactive Software, Inc.",USD
2026-06-17T04:00:00.000Z,227.8300018311,234.7200012207,226.4499969482,228.0299987793,2674900,0.0,0.0,TTWO,Take-Two Interactive,"Take-Two Interactive Software, Inc.",USD
2026-06-18T04:00:00.000Z,239.1399993896,242.1499938965,233.2299957275,239.2799987793,7241500,0.0,0.0,TTWO,Take-Two Interactive,"Take-Two Interactive Software, Inc.",USD
2026-06-22T04:00:00.000Z,244.6100006104,251.2400054932,237.1999969482,239.5700073242,4373100,0.0,0.0,TTWO,Take-Two Interactive,"Take-Two Interactive Software, Inc.",USD
2026-06-23T04:00:00.000Z,240.4799957275,247.4199981689,240.1000061035,242.6399993896,3151200,0.0,0.0,TTWO,Take-Two Interactive,"Take-Two Interactive Software, Inc.",USD
2026-06-24T04:00:00.000Z,247.0599975586,249.2899932861,234.0,235.7700042725,4145000,0.0,0.0,TTWO,Take-Two Interactive,"Take-Two Interactive Software, Inc.",USD
2026-06-25T04:00:00.000Z,237.0200042725,240.8099975586,230.6699981689,238.7200012207,2660138,0.0,0.0,TTWO,Take-Two Interactive,"Take-Two Interactive Software, Inc.",USD
